Generation,Average fitness
1,14.938
2,14.948
3,14.962
4,14.988
5,15.004
6,15.032
7,15.046
8,15.062
9,15.07
10,15.09
11,15.106
12,15.12
13,15.128
14,15.142
15,15.17
16,15.184
17,15.194
18,15.206
19,15.206
20,15.206
21,15.224
22,15.242
23,15.262
24,15.266
25,15.258
26,15.272
27,15.286
28,15.28
29,15.286
30,15.296
31,15.302
32,15.32
33,15.32
34,15.334
35,15.342
36,15.352
37,15.38
38,15.39
39,15.402
40,15.416
41,15.416
42,15.43
43,15.43
44,15.438
45,15.438
46,15.442
47,15.448
48,15.448
49,15.464
50,15.472
51,15.482
52,15.48
53,15.476
54,15.488
55,15.488
56,15.5
57,15.498
58,15.498
59,15.498
60,15.514
61,15.514
62,15.522
63,15.518
64,15.518
65,15.528
66,15.542
67,15.542
68,15.546
69,15.546
70,15.548
71,15.548
72,15.548
73,15.546
74,15.554
75,15.564
76,15.564
77,15.564
78,15.564
79,15.574
80,15.572
81,15.57
82,15.572
83,15.594
84,15.602
85,15.602
86,15.606
87,15.606
88,15.612
89,15.612
90,15.612
91,15.612
92,15.636
93,15.64
94,15.64
95,15.636
96,15.656
97,15.656
98,15.66
99,15.668
100,15.668
101,15.668
102,15.668
103,15.668
104,15.688
105,15.704
106,15.724
107,15.73
108,15.73
109,15.752
110,15.758
111,15.764
112,15.776
113,15.776
114,15.784
115,15.8
116,15.81
117,15.812
118,15.818
119,15.826
120,15.826
121,15.836
122,15.854
123,15.854
124,15.854
125,15.844
126,15.876
127,15.882
128,15.89
129,15.89
130,15.902
131,15.916
132,15.918
133,15.938
134,15.964
135,15.974
136,15.982
137,15.994
138,15.996
139,16.014
140,16.012
141,16.032
142,16.04
143,16.04
144,16.04
145,16.05
146,16.06
147,16.066
148,16.074
149,16.1
150,16.112
151,16.108
152,16.12
153,16.118
154,16.138
155,16.144
156,16.148
157,16.162
158,16.178
159,16.188
160,16.2
161,16.198
162,16.196
163,16.194
164,16.198
165,16.208
166,16.216
167,16.216
168,16.216
169,16.216
170,16.234
171,16.228
172,16.238
173,16.242
174,16.25
175,16.258
176,16.258
177,16.258
178,16.266
179,16.266
180,16.274
181,16.28
182,16.28
183,16.28
184,16.282
185,16.29
186,16.288
187,16.278
188,16.308
189,16.304
190,16.304
191,16.312
192,16.322
193,16.322
194,16.328
195,16.334
196,16.328
197,16.336
198,16.336
199,16.342
200,16.35
201,16.352
202,16.362
203,16.37
204,16.37
205,16.37
206,16.37
207,16.38
208,16.392
209,16.396
210,16.4
211,16.408
212,16.418
213,16.428
214,16.442
215,16.442
216,16.434
217,16.446
218,16.446
219,16.456
220,16.456
221,16.456
222,16.456
223,16.466
224,16.462
225,16.466
226,16.466
227,16.482
228,16.486
229,16.482
230,16.49
231,16.496
232,16.5
233,16.502
234,16.512
235,16.512
236,16.512
237,16.524
238,16.53
239,16.53
240,16.538
241,16.548
242,16.552
243,16.564
244,16.576
245,16.584
246,16.59
247,16.596
248,16.602
249,16.616
250,16.616
251,16.616
252,16.616
253,16.632
254,16.646
255,16.656
256,16.656
257,16.664
258,16.68
259,16.684
260,16.684
261,16.682
262,16.702
263,16.702
264,16.702
265,16.702
266,16.71
267,16.71
268,16.71
269,16.71
270,16.716
271,16.722
272,16.738
273,16.748
274,16.748
275,16.762
276,16.772
277,16.772
278,16.77
279,16.77
280,16.762
281,16.78
282,16.78
283,16.778
284,16.784
285,16.79
286,16.796
287,16.802
288,16.806
289,16.812
290,16.826
291,16.838
292,16.842
293,16.842
294,16.85
295,16.85
296,16.852
297,16.862
298,16.856
299,16.87
300,16.874
301,16.872
302,16.88
303,16.874
304,16.884
305,16.884
306,16.892
307,16.892
308,16.902
309,16.908
310,16.91
311,16.91
312,16.914
313,16.92
314,16.928
315,16.928
316,16.94
317,16.95
318,16.962
319,16.97
320,16.97
321,16.968
322,16.978
323,16.996
324,16.996
325,16.996
326,16.99
327,17.006
328,17.026
329,17.034
330,17.046
331,17.048
332,17.058
333,17.06
334,17.068
335,17.066
336,17.066
337,17.078
338,17.078
339,17.082
340,17.088
341,17.09
342,17.09
343,17.096
344,17.092
345,17.1
346,17.104
347,17.112
348,17.124
349,17.126
350,17.134
351,17.132
352,17.15
353,17.15
354,17.162
355,17.162
356,17.16
357,17.17
358,17.182
359,17.194
360,17.202
361,17.204
362,17.216
363,17.234
364,17.246
365,17.248
366,17.256
367,17.258
368,17.264
369,17.27
370,17.27
371,17.28
372,17.28
373,17.292
374,17.292
375,17.292
376,17.292
377,17.3
378,17.3
379,17.3
380,17.308
381,17.308
382,17.308
383,17.308
384,17.318
385,17.32
386,17.338
387,17.338
388,17.338
389,17.342
390,17.35
391,17.354
392,17.356
393,17.356
394,17.356
395,17.35
396,17.35
397,17.364
398,17.37
399,17.384
400,17.38
401,17.382
402,17.382
403,17.382
404,17.398
405,17.412
406,17.412
407,17.412
408,17.422
409,17.422
410,17.422
411,17.422
412,17.432
413,17.446
414,17.446
415,17.44
416,17.446
417,17.442
418,17.454
419,17.454
420,17.458
421,17.464
422,17.47
423,17.48
424,17.486
425,17.492
426,17.492
427,17.498
428,17.498
429,17.504
430,17.514
431,17.51
432,17.52
433,17.526
434,17.534
435,17.54
436,17.538
437,17.546
438,17.554
439,17.568
440,17.57
441,17.57
442,17.562
443,17.574
444,17.58
445,17.578
446,17.586
447,17.59
448,17.59
449,17.59
450,17.598
451,17.616
452,17.626
453,17.622
454,17.622
455,17.638
456,17.638
457,17.652
458,17.658
459,17.674
460,17.678
461,17.672
462,17.672
463,17.676
464,17.676
465,17.676
466,17.676
467,17.676
468,17.676
469,17.686
470,17.688
471,17.688
472,17.688
473,17.688
474,17.688
475,17.696
476,17.696
477,17.714
478,17.724
479,17.724
480,17.724
481,17.73
482,17.738
483,17.738
484,17.734
485,17.742
486,17.742
487,17.746
488,17.752
489,17.744
490,17.752
491,17.758
492,17.754
493,17.754
494,17.752
495,17.752
496,17.752
497,17.762
498,17.758
499,17.764
500,17.766
501,17.782
502,17.784
503,17.786
504,17.8
505,17.796
506,17.81
507,17.808
508,17.808
509,17.808
510,17.806
511,17.81
512,17.804
513,17.804
514,17.806
515,17.818
516,17.816
517,17.806
518,17.814
519,17.826
520,17.832
521,17.832
522,17.836
523,17.846
524,17.846
525,17.846
526,17.846
527,17.838
528,17.84
529,17.836
530,17.848
531,17.852
532,17.852
533,17.852
534,17.852
535,17.852
536,17.85
537,17.858
538,17.862
539,17.862
540,17.864
541,17.864
542,17.874
543,17.874
544,17.898
545,17.906
546,17.928
547,17.926
548,17.938
549,17.938
550,17.938
551,17.948
552,17.946
553,17.948
554,17.958
555,17.958
556,17.968
557,17.974
558,17.976
559,17.98
560,17.99
561,17.99
562,17.99
563,17.984
564,17.982
565,17.982
566,17.982
567,17.982
568,17.982
569,17.99
570,17.99
571,17.998
572,17.998
573,17.998
574,18.0
575,18.008
576,18.008
577,18.014
578,18.014
579,18.018
580,18.018
581,18.018
582,18.018
583,18.018
584,18.018
585,18.018
586,18.026
587,18.038
588,18.042
589,18.044
590,18.044
591,18.044
592,18.044
593,18.05
594,18.056
595,18.066
596,18.068
597,18.068
598,18.068
599,18.064
600,18.064
601,18.064
602,18.07
603,18.07
604,18.07
605,18.066
606,18.066
607,18.066
608,18.066
609,18.068
610,18.068
611,18.086
612,18.084
613,18.084
614,18.084
615,18.072
616,18.072
617,18.072
618,18.084
619,18.096
620,18.096
621,18.1
622,18.1
623,18.1
624,18.1
625,18.108
626,18.108
627,18.116
628,18.126
629,18.136
630,18.136
631,18.146
632,18.146
633,18.146
634,18.152
635,18.152
636,18.152
637,18.152
638,18.158
639,18.158
640,18.158
641,18.158
642,18.168
643,18.182
644,18.182
645,18.186
646,18.186
647,18.186
648,18.186
649,18.188
650,18.188
651,18.188
652,18.188
653,18.186
654,18.186
655,18.186
656,18.184
657,18.184
658,18.18
659,18.18
660,18.18
661,18.186
662,18.194
663,18.198
664,18.202
665,18.214
666,18.222
667,18.222
668,18.236
669,18.234
670,18.242
671,18.242
672,18.252
673,18.252
674,18.256
675,18.25
676,18.252
677,18.264
678,18.264
679,18.268
680,18.268
681,18.272
682,18.272
683,18.272
684,18.28
685,18.276
686,18.288
687,18.288
688,18.288
689,18.288
690,18.3
691,18.3
692,18.312
693,18.312
694,18.312
695,18.312
696,18.32
697,18.308
698,18.31
699,18.31
700,18.322
701,18.322
702,18.332
703,18.336
704,18.344
705,18.344
706,18.344
707,18.344
708,18.344
709,18.344
710,18.342
711,18.342
712,18.334
713,18.348
714,18.356
715,18.362
716,18.362
717,18.368
718,18.352
719,18.352
720,18.358
721,18.358
722,18.358
723,18.37
724,18.38
725,18.386
726,18.386
727,18.386
728,18.382
729,18.388
730,18.398
731,18.41
732,18.408
733,18.41
734,18.412
735,18.414
736,18.422
737,18.424
738,18.424
739,18.422
740,18.422
741,18.434
742,18.436
743,18.444
744,18.446
745,18.448
746,18.448
747,18.454
748,18.444
749,18.46
750,18.46
751,18.464
752,18.47
753,18.476
754,18.478
755,18.48
756,18.48
757,18.48
758,18.48
759,18.49
760,18.49
761,18.502
762,18.514
763,18.532
764,18.54
765,18.542
766,18.542
767,18.538
768,18.558
769,18.568
770,18.568
771,18.56
772,18.56
773,18.57
774,18.57
775,18.57
776,18.57
777,18.57
778,18.57
779,18.57
780,18.564
781,18.566
782,18.566
783,18.566
784,18.566
785,18.572
786,18.574
787,18.574
788,18.574
789,18.58
790,18.592
791,18.592
792,18.6
793,18.604
794,18.61
795,18.61
796,18.612
797,18.614
798,18.618
799,18.624
800,18.626
801,18.63
802,18.63
803,18.63
804,18.636
805,18.642
806,18.648
807,18.648
808,18.648
809,18.652
810,18.652
811,18.652
812,18.646
813,18.65
814,18.65
815,18.648
816,18.65
817,18.658
818,18.664
819,18.67
820,18.67
821,18.67
822,18.68
823,18.68
824,18.68
825,18.672
826,18.676
827,18.67
828,18.672
829,18.684
830,18.684
831,18.674
832,18.674
833,18.674
834,18.674
835,18.682
836,18.69
837,18.69
838,18.68
839,18.68
840,18.68
841,18.68
842,18.682
843,18.682
844,18.682
845,18.692
846,18.694
847,18.7
848,18.7
849,18.706
850,18.706
851,18.708
852,18.71
853,18.708
854,18.712
855,18.712
856,18.718
857,18.732
858,18.734
859,18.736
860,18.746
861,18.746
862,18.746
863,18.748
864,18.754
865,18.754
866,18.754
867,18.754
868,18.754
869,18.754
870,18.754
871,18.754
872,18.754
873,18.752
874,18.76
875,18.76
876,18.772
877,18.774
878,18.778
879,18.776
880,18.778
881,18.784
882,18.792
883,18.786
884,18.792
885,18.802
886,18.802
887,18.816
888,18.816
889,18.818
890,18.818
891,18.818
892,18.824
893,18.826
894,18.826
895,18.826
896,18.826
897,18.826
898,18.826
899,18.824
900,18.824
901,18.828
902,18.828
903,18.828
904,18.828
905,18.828
906,18.828
907,18.824
908,18.824
909,18.818
910,18.822
911,18.836
912,18.848
913,18.848
914,18.866
915,18.866
916,18.866
917,18.866
918,18.866
919,18.866
920,18.866
921,18.874
922,18.876
923,18.89
924,18.89
925,18.902
926,18.902
927,18.902
928,18.894
929,18.898
930,18.91
931,18.91
932,18.912
933,18.916
934,18.922
935,18.922
936,18.922
937,18.93
938,18.93
939,18.938
940,18.938
941,18.938
942,18.942
943,18.938
944,18.948
945,18.948
946,18.944
947,18.944
948,18.944
949,18.944
950,18.944
951,18.944
952,18.944
953,18.944
954,18.944
955,18.944
956,18.944
957,18.95
958,18.95
959,18.94
960,18.948
961,18.948
962,18.958
963,18.966
964,18.966
965,18.958
966,18.968
967,18.96
968,18.96
969,18.96
970,18.966
971,18.972
972,18.97
973,18.972
974,18.982
975,18.982
976,18.982
977,18.982
978,18.992
979,18.996
980,18.99
981,19.0
982,19.0
983,19.008
984,19.01
985,19.014
986,19.016
987,19.016
988,19.016
989,19.024
990,19.024
991,19.024
992,19.024
993,19.024
994,19.024
995,19.028
996,19.034
997,19.04
998,19.036
999,19.032
1000,19.032
1001,19.038
1002,19.032
1003,19.04
1004,19.04
1005,19.044
1006,19.048
1007,19.048
1008,19.048
1009,19.05
1010,19.05
1011,19.05
1012,19.058
1013,19.054
1014,19.054
1015,19.062
1016,19.062
1017,19.06
1018,19.062
1019,19.062
1020,19.07
1021,19.07
1022,19.07
1023,19.07
1024,19.076
1025,19.08
1026,19.08
1027,19.08
1028,19.08
1029,19.08
1030,19.084
1031,19.084
1032,19.084
1033,19.092
1034,19.094
1035,19.094
1036,19.1
1037,19.1
1038,19.1
1039,19.102
1040,19.102
1041,19.102
1042,19.102
1043,19.102
1044,19.102
1045,19.11
1046,19.114
1047,19.114
1048,19.126
1049,19.126
1050,19.126
1051,19.136
1052,19.136
1053,19.132
1054,19.132
1055,19.134
1056,19.134
1057,19.134
1058,19.14
1059,19.14
1060,19.14
1061,19.14
1062,19.148
1063,19.148
1064,19.152
1065,19.152
1066,19.14
1067,19.142
1068,19.142
1069,19.152
1070,19.152
1071,19.158
1072,19.154
1073,19.154
1074,19.154
1075,19.154
1076,19.166
1077,19.166
1078,19.178
1079,19.18
1080,19.18
1081,19.182
1082,19.182
1083,19.188
1084,19.188
1085,19.186
1086,19.186
1087,19.184
1088,19.194
1089,19.188
1090,19.188
1091,19.188
1092,19.188
1093,19.204
1094,19.208
1095,19.202
1096,19.202
1097,19.202
1098,19.2
1099,19.198
1100,19.198
1101,19.22
1102,19.226
1103,19.226
1104,19.232
1105,19.234
1106,19.228
1107,19.236
1108,19.236
1109,19.236
1110,19.238
1111,19.238
1112,19.238
1113,19.236
1114,19.236
1115,19.242
1116,19.242
1117,19.254
1118,19.254
1119,19.254
1120,19.254
1121,19.264
1122,19.272
1123,19.272
1124,19.276
1125,19.274
1126,19.28
1127,19.28
1128,19.28
1129,19.288
1130,19.288
1131,19.294
1132,19.294
1133,19.294
1134,19.294
1135,19.29
1136,19.29
1137,19.294
1138,19.302
1139,19.3
1140,19.31
1141,19.306
1142,19.31
1143,19.31
1144,19.316
1145,19.316
1146,19.316
1147,19.322
1148,19.322
1149,19.32
1150,19.32
1151,19.32
1152,19.32
1153,19.322
1154,19.32
1155,19.318
1156,19.326
1157,19.332
1158,19.332
1159,19.332
1160,19.328
1161,19.328
1162,19.328
1163,19.332
1164,19.334
1165,19.334
1166,19.334
1167,19.34
1168,19.34
1169,19.35
1170,19.356
1171,19.358
1172,19.354
1173,19.354
1174,19.352
1175,19.356
1176,19.366
1177,19.358
1178,19.36
1179,19.36
1180,19.37
1181,19.37
1182,19.37
1183,19.37
1184,19.37
1185,19.372
1186,19.378
1187,19.378
1188,19.378
1189,19.378
1190,19.38
1191,19.38
1192,19.38
1193,19.378
1194,19.378
1195,19.386
1196,19.388
1197,19.398
1198,19.398
1199,19.398
1200,19.4
1201,19.4
1202,19.41
1203,19.42
1204,19.42
1205,19.422
1206,19.418
1207,19.412
1208,19.426
1209,19.434
1210,19.436
1211,19.436
1212,19.436
1213,19.44
1214,19.446
1215,19.446
1216,19.448
1217,19.462
1218,19.462
1219,19.466
1220,19.466
1221,19.474
1222,19.476
1223,19.474
1224,19.474
1225,19.476
1226,19.476
1227,19.494
1228,19.494
1229,19.494
1230,19.494
1231,19.494
1232,19.496
1233,19.496
1234,19.48
1235,19.48
1236,19.49
1237,19.49
1238,19.49
1239,19.49
1240,19.49
1241,19.504
1242,19.504
1243,19.51
1244,19.504
1245,19.504
1246,19.504
1247,19.514
1248,19.508
1249,19.508
1250,19.508
1251,19.52
1252,19.526
1253,19.532
1254,19.54
1255,19.54
1256,19.54
1257,19.54
1258,19.53
1259,19.536
1260,19.536
1261,19.542
1262,19.542
1263,19.55
1264,19.55
1265,19.55
1266,19.552
1267,19.55
1268,19.554
1269,19.558
1270,19.558
1271,19.568
1272,19.572
1273,19.572
1274,19.578
1275,19.578
1276,19.578
1277,19.568
1278,19.568
1279,19.578
1280,19.578
1281,19.578
1282,19.578
1283,19.578
1284,19.578
1285,19.588
1286,19.588
1287,19.588
1288,19.588
1289,19.598
1290,19.602
1291,19.6
1292,19.6
1293,19.606
1294,19.606
1295,19.606
1296,19.606
1297,19.606
1298,19.612
1299,19.612
1300,19.62
1301,19.62
1302,19.62
1303,19.62
1304,19.638
1305,19.638
1306,19.642
1307,19.642
1308,19.642
1309,19.642
1310,19.642
1311,19.642
1312,19.648
1313,19.648
1314,19.648
1315,19.648
1316,19.646
1317,19.646
1318,19.658
1319,19.664
1320,19.664
1321,19.666
1322,19.674
1323,19.674
1324,19.674
1325,19.67
1326,19.67
1327,19.664
1328,19.67
1329,19.67
1330,19.668
1331,19.67
1332,19.676
1333,19.676
1334,19.684
1335,19.706
1336,19.71
1337,19.702
1338,19.702
1339,19.706
1340,19.708
1341,19.718
1342,19.718
1343,19.726
1344,19.724
1345,19.732
1346,19.732
1347,19.732
1348,19.732
1349,19.732
1350,19.726
1351,19.726
1352,19.726
1353,19.74
1354,19.74
1355,19.74
1356,19.736
1357,19.746
1358,19.748
1359,19.748
1360,19.748
1361,19.75
1362,19.75
1363,19.75
1364,19.75
1365,19.75
1366,19.75
1367,19.756
1368,19.762
1369,19.772
1370,19.782
1371,19.772
1372,19.772
1373,19.772
1374,19.772
1375,19.764
1376,19.77
1377,19.77
1378,19.77
1379,19.776
1380,19.776
1381,19.776
1382,19.776
1383,19.776
1384,19.774
1385,19.772
1386,19.772
1387,19.774
1388,19.774
1389,19.77
1390,19.77
1391,19.762
1392,19.77
1393,19.77
1394,19.772
1395,19.772
1396,19.772
1397,19.788
1398,19.796
1399,19.796
1400,19.796
1401,19.802
1402,19.8
1403,19.8
1404,19.812
1405,19.812
1406,19.812
1407,19.812
1408,19.812
1409,19.812
1410,19.812
1411,19.812
1412,19.812
1413,19.812
1414,19.818
1415,19.818
1416,19.818
1417,19.818
1418,19.816
1419,19.816
1420,19.816
1421,19.816
1422,19.816
1423,19.816
1424,19.816
1425,19.816
1426,19.816
1427,19.816
1428,19.816
1429,19.816
1430,19.812
1431,19.814
1432,19.808
1433,19.822
1434,19.826
1435,19.826
1436,19.826
1437,19.824
1438,19.824
1439,19.824
1440,19.832
1441,19.832
1442,19.834
1443,19.834
1444,19.83
1445,19.832
1446,19.842
1447,19.842
1448,19.842
1449,19.842
1450,19.842
1451,19.842
1452,19.85
1453,19.85
1454,19.852
1455,19.852
1456,19.852
1457,19.86
1458,19.86
1459,19.864
1460,19.864
1461,19.864
1462,19.864
1463,19.864
1464,19.864
1465,19.864
1466,19.868
1467,19.868
1468,19.868
1469,19.868
1470,19.868
1471,19.878
1472,19.888
1473,19.888
1474,19.898
1475,19.902
1476,19.902
1477,19.91
1478,19.91
1479,19.91
1480,19.922
1481,19.922
1482,19.922
1483,19.922
1484,19.922
1485,19.922
1486,19.912
1487,19.922
1488,19.926
1489,19.922
1490,19.928
1491,19.932
1492,19.932
1493,19.936
1494,19.942
1495,19.942
1496,19.946
1497,19.95
1498,19.95
1499,19.95
1500,19.95
1501,19.95
1502,19.95
1503,19.946
1504,19.95
1505,19.954
1506,19.97
1507,19.968
1508,19.97
1509,19.978
1510,19.978
1511,19.978
1512,19.978
1513,19.978
1514,19.976
1515,19.976
1516,19.98
1517,19.98
1518,19.98
1519,19.986
1520,19.992
1521,19.992
1522,19.994
1523,19.994
1524,20.008
1525,20.008
1526,20.008
1527,20.004
1528,20.004
1529,20.002
1530,19.996
1531,19.996
1532,20.004
1533,20.004
1534,20.004
1535,20.016
1536,20.014
1537,20.014
1538,20.014
1539,20.032
1540,20.032
1541,20.042
1542,20.042
1543,20.042
1544,20.05
1545,20.05
1546,20.05
1547,20.05
1548,20.05
1549,20.05
1550,20.056
1551,20.052
1552,20.056
1553,20.058
1554,20.06
1555,20.06
1556,20.058
1557,20.058
1558,20.058
1559,20.058
1560,20.056
1561,20.058
1562,20.054
1563,20.054
1564,20.054
1565,20.054
1566,20.054
1567,20.054
1568,20.062
1569,20.062
1570,20.062
1571,20.07
1572,20.07
1573,20.07
1574,20.07
1575,20.068
1576,20.07
1577,20.07
1578,20.076
1579,20.076
1580,20.076
1581,20.076
1582,20.076
1583,20.082
1584,20.088
1585,20.088
1586,20.08
1587,20.08
1588,20.082
1589,20.084
1590,20.084
1591,20.082
1592,20.086
1593,20.076
1594,20.076
1595,20.076
1596,20.076
1597,20.076
1598,20.078
1599,20.078
1600,20.078
1601,20.088
1602,20.086
1603,20.092
1604,20.092
1605,20.102
1606,20.102
1607,20.102
1608,20.112
1609,20.106
1610,20.106
1611,20.106
1612,20.108
1613,20.114
1614,20.114
1615,20.114
1616,20.114
1617,20.114
1618,20.114
1619,20.114
1620,20.124
1621,20.124
1622,20.124
1623,20.122
1624,20.122
1625,20.124
1626,20.124
1627,20.12
1628,20.126
1629,20.126
1630,20.126
1631,20.126
1632,20.126
1633,20.13
1634,20.13
1635,20.13
1636,20.134
1637,20.134
1638,20.134
1639,20.142
1640,20.148
1641,20.152
1642,20.152
1643,20.152
1644,20.152
1645,20.152
1646,20.162
1647,20.162
1648,20.164
1649,20.168
1650,20.17
1651,20.17
1652,20.17
1653,20.166
1654,20.166
1655,20.17
1656,20.172
1657,20.172
1658,20.172
1659,20.172
1660,20.172
1661,20.178
1662,20.178
1663,20.184
1664,20.184
1665,20.184
1666,20.184
1667,20.186
1668,20.186
1669,20.186
1670,20.186
1671,20.186
1672,20.188
1673,20.19
1674,20.188
1675,20.198
1676,20.198
1677,20.214
1678,20.214
1679,20.212
1680,20.222
1681,20.21
1682,20.21
1683,20.21
1684,20.21
1685,20.216
1686,20.218
1687,20.218
1688,20.218
1689,20.218
1690,20.218
1691,20.218
1692,20.222
1693,20.222
1694,20.222
1695,20.222
1696,20.222
1697,20.222
1698,20.222
1699,20.224
1700,20.224
1701,20.224
1702,20.224
1703,20.224
1704,20.23
1705,20.23
1706,20.23
1707,20.23
1708,20.23
1709,20.23
1710,20.23
1711,20.23
1712,20.236
1713,20.244
1714,20.248
1715,20.25
1716,20.25
1717,20.242
1718,20.242
1719,20.244
1720,20.244
1721,20.244
1722,20.25
1723,20.254
1724,20.254
1725,20.254
1726,20.254
1727,20.254
1728,20.256
1729,20.256
1730,20.264
1731,20.266
1732,20.266
1733,20.266
1734,20.274
1735,20.276
1736,20.276
1737,20.276
1738,20.276
1739,20.276
1740,20.276
1741,20.272
1742,20.272
1743,20.272
1744,20.272
1745,20.272
1746,20.272
1747,20.272
1748,20.272
1749,20.272
1750,20.272
1751,20.272
1752,20.272
1753,20.272
1754,20.272
1755,20.272
1756,20.272
1757,20.272
1758,20.272
1759,20.278
1760,20.278
1761,20.278
1762,20.278
1763,20.278
1764,20.278
1765,20.278
1766,20.284
1767,20.29
1768,20.29
1769,20.29
1770,20.29
1771,20.284
1772,20.286
1773,20.286
1774,20.286
1775,20.286
1776,20.304
1777,20.31
1778,20.31
1779,20.31
1780,20.306
1781,20.306
1782,20.31
1783,20.31
1784,20.31
1785,20.31
1786,20.308
1787,20.322
1788,20.322
1789,20.322
1790,20.322
1791,20.322
1792,20.328
1793,20.328
1794,20.328
1795,20.33
1796,20.332
1797,20.332
1798,20.338
1799,20.346
1800,20.35
1801,20.35
1802,20.35
1803,20.35
1804,20.356
1805,20.364
1806,20.364
1807,20.36
1808,20.36
1809,20.36
1810,20.36
1811,20.36
1812,20.366
1813,20.366
1814,20.366
1815,20.372
1816,20.372
1817,20.372
1818,20.372
1819,20.372
1820,20.364
1821,20.366
1822,20.374
1823,20.374
1824,20.374
1825,20.376
1826,20.384
1827,20.384
1828,20.386
1829,20.386
1830,20.386
1831,20.386
1832,20.39
1833,20.388
1834,20.384
1835,20.386
1836,20.386
1837,20.388
1838,20.388
1839,20.388
1840,20.388
1841,20.384
1842,20.384
1843,20.394
1844,20.394
1845,20.396
1846,20.402
1847,20.402
1848,20.402
1849,20.396
1850,20.396
1851,20.396
1852,20.404
1853,20.404
1854,20.404
1855,20.404
1856,20.404
1857,20.404
1858,20.404
1859,20.404
1860,20.404
1861,20.404
1862,20.412
1863,20.412
1864,20.412
1865,20.412
1866,20.412
1867,20.418
1868,20.42
1869,20.416
1870,20.418
1871,20.418
1872,20.418
1873,20.418
1874,20.418
1875,20.418
1876,20.418
1877,20.422
1878,20.426
1879,20.426
1880,20.426
1881,20.432
1882,20.448
1883,20.434
1884,20.444
1885,20.448
1886,20.458
1887,20.46
1888,20.46
1889,20.46
1890,20.466
1891,20.462
1892,20.46
1893,20.468
1894,20.468
1895,20.468
1896,20.468
1897,20.468
1898,20.468
1899,20.474
1900,20.474
1901,20.474
1902,20.474
1903,20.468
1904,20.468
1905,20.48
1906,20.476
1907,20.49
1908,20.492
1909,20.494
1910,20.492
1911,20.496
1912,20.496
1913,20.496
1914,20.496
1915,20.496
1916,20.506
1917,20.506
1918,20.506
1919,20.506
1920,20.516
1921,20.516
1922,20.526
1923,20.526
1924,20.526
1925,20.532
1926,20.54
1927,20.54
1928,20.54
1929,20.54
1930,20.538
1931,20.538
1932,20.546
1933,20.536
1934,20.536
1935,20.536
1936,20.536
1937,20.536
1938,20.536
1939,20.536
1940,20.536
1941,20.536
1942,20.536
1943,20.536
1944,20.536
1945,20.536
1946,20.542
1947,20.554
1948,20.554
1949,20.554
1950,20.554
1951,20.548
1952,20.556
1953,20.556
1954,20.556
1955,20.572
1956,20.572
1957,20.572
1958,20.572
1959,20.576
1960,20.576
1961,20.576
1962,20.576
1963,20.576
1964,20.576
1965,20.576
1966,20.576
1967,20.576
1968,20.58
1969,20.58
1970,20.584
1971,20.584
1972,20.59
1973,20.59
1974,20.588
1975,20.588
1976,20.588
1977,20.588
1978,20.588
1979,20.588
1980,20.588
1981,20.588
1982,20.588
1983,20.596
1984,20.606
1985,20.606
1986,20.606
1987,20.606
1988,20.606
1989,20.606
1990,20.606
1991,20.606
1992,20.606
1993,20.612
1994,20.612
1995,20.612
1996,20.612
1997,20.612
1998,20.612
1999,20.61
2000,20.61
2001,20.624
2002,20.632
2003,20.642
2004,20.66
2005,20.664
2006,20.666
2007,20.666
2008,20.66
2009,20.66
2010,20.66
2011,20.66
2012,20.66
2013,20.668
2014,20.668
2015,20.668
2016,20.668
2017,20.668
2018,20.668
2019,20.66
2020,20.66
2021,20.66
2022,20.666
2023,20.676
2024,20.672
2025,20.672
2026,20.668
2027,20.676
2028,20.678
2029,20.678
2030,20.682
2031,20.682
2032,20.684
2033,20.68
2034,20.688
2035,20.688
2036,20.69
2037,20.694
2038,20.694
2039,20.694
2040,20.694
2041,20.694
2042,20.692
2043,20.692
2044,20.692
2045,20.7
2046,20.706
2047,20.706
2048,20.706
2049,20.706
2050,20.706
2051,20.706
2052,20.706
2053,20.706
2054,20.712
2055,20.726
2056,20.726
2057,20.72
2058,20.72
2059,20.732
2060,20.732
2061,20.732
2062,20.732
2063,20.732
2064,20.732
2065,20.732
2066,20.732
2067,20.732
2068,20.732
2069,20.732
2070,20.732
2071,20.732
2072,20.732
2073,20.732
2074,20.732
2075,20.738
2076,20.738
2077,20.738
2078,20.734
2079,20.734
2080,20.734
2081,20.73
2082,20.744
2083,20.744
2084,20.74
2085,20.74
2086,20.754
2087,20.754
2088,20.754
2089,20.754
2090,20.754
2091,20.754
2092,20.754
2093,20.754
2094,20.762
2095,20.762
2096,20.762
2097,20.764
2098,20.762
2099,20.77
2100,20.77
2101,20.77
2102,20.77
2103,20.77
2104,20.77
2105,20.776
2106,20.776
2107,20.776
2108,20.776
2109,20.776
2110,20.776
2111,20.776
2112,20.782
2113,20.782
2114,20.782
2115,20.782
2116,20.792
2117,20.796
2118,20.796
2119,20.796
2120,20.796
2121,20.796
2122,20.796
2123,20.806
2124,20.806
2125,20.808
2126,20.808
2127,20.814
2128,20.826
2129,20.826
2130,20.826
2131,20.832
2132,20.832
2133,20.834
2134,20.834
2135,20.834
2136,20.834
2137,20.834
2138,20.834
2139,20.834
2140,20.834
2141,20.834
2142,20.832
2143,20.832
2144,20.832
2145,20.834
2146,20.844
2147,20.856
2148,20.856
2149,20.858
2150,20.858
2151,20.864
2152,20.872
2153,20.872
2154,20.872
2155,20.864
2156,20.864
2157,20.864
2158,20.858
2159,20.866
2160,20.874
2161,20.874
2162,20.874
2163,20.87
2164,20.87
2165,20.87
2166,20.872
2167,20.872
2168,20.872
2169,20.872
2170,20.872
2171,20.872
2172,20.872
2173,20.872
2174,20.872
2175,20.864
2176,20.876
2177,20.878
2178,20.89
2179,20.89
2180,20.89
2181,20.892
2182,20.892
2183,20.89
2184,20.898
2185,20.9
2186,20.9
2187,20.9
2188,20.904
2189,20.912
2190,20.912
2191,20.912
2192,20.912
2193,20.912
2194,20.912
2195,20.912
2196,20.912
2197,20.918
2198,20.926
2199,20.926
2200,20.926
2201,20.926
2202,20.924
2203,20.93
2204,20.938
2205,20.938
2206,20.938
2207,20.938
2208,20.938
2209,20.938
2210,20.928
2211,20.93
2212,20.93
2213,20.94
2214,20.94
2215,20.942
2216,20.942
2217,20.946
2218,20.952
2219,20.952
2220,20.952
2221,20.952
2222,20.96
2223,20.966
2224,20.966
2225,20.97
2226,20.978
2227,20.98
2228,20.984
2229,20.984
2230,20.984
2231,20.984
2232,20.986
2233,20.986
2234,20.986
2235,20.998
2236,21.004
2237,21.004
2238,21.004
2239,21.01
2240,21.01
2241,21.01
2242,21.01
2243,21.016
2244,21.012
2245,21.012
2246,21.01
2247,21.022
2248,21.022
2249,21.022
2250,21.022
2251,21.024
2252,21.016
2253,21.03
2254,21.03
2255,21.03
2256,21.036
2257,21.038
2258,21.038
2259,21.038
2260,21.036
2261,21.042
2262,21.048
2263,21.054
2264,21.058
2265,21.06
2266,21.066
2267,21.066
2268,21.066
2269,21.066
2270,21.062
2271,21.062
2272,21.062
2273,21.066
2274,21.068
2275,21.066
2276,21.066
2277,21.066
2278,21.068
2279,21.07
2280,21.07
2281,21.072
2282,21.072
2283,21.08
2284,21.08
2285,21.078
2286,21.084
2287,21.084
2288,21.084
2289,21.084
2290,21.084
2291,21.09
2292,21.09
2293,21.09
2294,21.09
2295,21.09
2296,21.084
2297,21.078
2298,21.078
2299,21.088
2300,21.088
2301,21.094
2302,21.1
2303,21.1
2304,21.106
2305,21.098
2306,21.098
2307,21.098
2308,21.098
2309,21.096
2310,21.096
2311,21.106
2312,21.106
2313,21.104
2314,21.104
2315,21.11
2316,21.11
2317,21.12
2318,21.12
2319,21.126
2320,21.132
2321,21.136
2322,21.136
2323,21.144
2324,21.148
2325,21.154
2326,21.154
2327,21.154
2328,21.154
2329,21.154
2330,21.154
2331,21.156
2332,21.156
2333,21.156
2334,21.158
2335,21.16
2336,21.162
2337,21.162
2338,21.164
2339,21.164
2340,21.164
2341,21.16
2342,21.16
2343,21.166
2344,21.166
2345,21.172
2346,21.18
2347,21.186
2348,21.184
2349,21.184
2350,21.174
2351,21.174
2352,21.174
2353,21.178
2354,21.178
2355,21.178
2356,21.178
2357,21.178
2358,21.182
2359,21.186
2360,21.186
2361,21.186
2362,21.19
2363,21.202
2364,21.19
2365,21.19
2366,21.188
2367,21.188
2368,21.196
2369,21.2
2370,21.208
2371,21.208
2372,21.208
2373,21.204
2374,21.214
2375,21.214
2376,21.222
2377,21.222
2378,21.222
2379,21.222
2380,21.222
2381,21.23
2382,21.236
2383,21.236
2384,21.236
2385,21.236
2386,21.236
2387,21.236
2388,21.238
2389,21.238
2390,21.238
2391,21.238
2392,21.244
2393,21.254
2394,21.248
2395,21.248
2396,21.248
2397,21.248
2398,21.266
2399,21.266
2400,21.266
2401,21.266
2402,21.266
2403,21.266
2404,21.272
2405,21.272
2406,21.272
2407,21.272
2408,21.272
2409,21.272
2410,21.272
2411,21.276
2412,21.276
2413,21.272
2414,21.272
2415,21.272
2416,21.272
2417,21.272
2418,21.278
2419,21.278
2420,21.282
2421,21.282
2422,21.282
2423,21.282
2424,21.278
2425,21.278
2426,21.288
2427,21.278
2428,21.278
2429,21.278
2430,21.276
2431,21.276
2432,21.276
2433,21.276
2434,21.276
2435,21.276
2436,21.276
2437,21.276
2438,21.276
2439,21.286
2440,21.286
2441,21.298
2442,21.298
2443,21.298
2444,21.302
2445,21.302
2446,21.302
2447,21.302
2448,21.302
2449,21.306
2450,21.31
2451,21.31
2452,21.308
2453,21.318
2454,21.318
2455,21.32
2456,21.326
2457,21.326
2458,21.33
2459,21.33
2460,21.33
2461,21.334
2462,21.334
2463,21.332
2464,21.332
2465,21.332
2466,21.332
2467,21.338
2468,21.338
2469,21.338
2470,21.342
2471,21.342
2472,21.342
2473,21.342
2474,21.34
2475,21.336
2476,21.336
2477,21.338
2478,21.338
2479,21.342
2480,21.342
2481,21.342
2482,21.342
2483,21.344
2484,21.344
2485,21.344
2486,21.344
2487,21.344
2488,21.342
2489,21.342
2490,21.346
2491,21.346
2492,21.346
2493,21.346
2494,21.346
2495,21.346
2496,21.346
2497,21.346
2498,21.346
2499,21.344
2500,21.344
2501,21.348
2502,21.348
2503,21.352
2504,21.356
2505,21.358
2506,21.358
2507,21.358
2508,21.358
2509,21.358
2510,21.358
2511,21.35
2512,21.352
2513,21.352
2514,21.352
2515,21.352
2516,21.352
2517,21.35
2518,21.352
2519,21.352
2520,21.348
2521,21.352
2522,21.352
2523,21.354
2524,21.354
2525,21.352
2526,21.352
2527,21.36
2528,21.36
2529,21.362
2530,21.362
2531,21.372
2532,21.372
2533,21.38
2534,21.38
2535,21.38
2536,21.38
2537,21.38
2538,21.38
2539,21.38
2540,21.384
2541,21.384
2542,21.384
2543,21.384
2544,21.382
2545,21.392
2546,21.392
2547,21.392
2548,21.38
2549,21.38
2550,21.384
2551,21.384
2552,21.382
2553,21.382
2554,21.382
2555,21.39
2556,21.39
2557,21.39
2558,21.39
2559,21.39
2560,21.39
2561,21.39
2562,21.392
2563,21.392
2564,21.392
2565,21.39
2566,21.39
2567,21.388
2568,21.388
2569,21.388
2570,21.394
2571,21.394
2572,21.394
2573,21.394
2574,21.394
2575,21.398
2576,21.398
2577,21.398
2578,21.398
2579,21.406
2580,21.406
2581,21.406
2582,21.41
2583,21.41
2584,21.41
2585,21.402
2586,21.402
2587,21.402
2588,21.402
2589,21.402
2590,21.402
2591,21.402
2592,21.402
2593,21.406
2594,21.406
2595,21.416
2596,21.416
2597,21.416
2598,21.416
2599,21.414
2600,21.418
2601,21.418
2602,21.418
2603,21.424
2604,21.43
2605,21.43
2606,21.43
2607,21.43
2608,21.43
2609,21.43
2610,21.43
2611,21.43
2612,21.43
2613,21.424
2614,21.424
2615,21.424
2616,21.424
2617,21.424
2618,21.424
2619,21.424
2620,21.424
2621,21.424
2622,21.424
2623,21.442
2624,21.442
2625,21.442
2626,21.442
2627,21.442
2628,21.442
2629,21.442
2630,21.442
2631,21.45
2632,21.45
2633,21.45
2634,21.452
2635,21.452
2636,21.456
2637,21.458
2638,21.458
2639,21.468
2640,21.468
2641,21.468
2642,21.468
2643,21.468
2644,21.468
2645,21.468
2646,21.468
2647,21.468
2648,21.468
2649,21.468
2650,21.468
2651,21.468
2652,21.468
2653,21.474
2654,21.472
2655,21.472
2656,21.472
2657,21.472
2658,21.472
2659,21.472
2660,21.472
2661,21.472
2662,21.472
2663,21.472
2664,21.476
2665,21.476
2666,21.476
2667,21.482
2668,21.482
2669,21.482
2670,21.482
2671,21.482
2672,21.482
2673,21.494
2674,21.494
2675,21.488
2676,21.488
2677,21.488
2678,21.498
2679,21.498
2680,21.492
2681,21.492
2682,21.492
2683,21.498
2684,21.498
2685,21.5
2686,21.5
2687,21.5
2688,21.496
2689,21.506
2690,21.506
2691,21.506
2692,21.506
2693,21.51
2694,21.51
2695,21.51
2696,21.51
2697,21.51
2698,21.51
2699,21.51
2700,21.508
2701,21.508
2702,21.502
2703,21.508
2704,21.508
2705,21.508
2706,21.508
2707,21.51
2708,21.51
2709,21.514
2710,21.514
2711,21.514
2712,21.514
2713,21.514
2714,21.514
2715,21.514
2716,21.514
2717,21.52
2718,21.526
2719,21.524
2720,21.524
2721,21.522
2722,21.522
2723,21.522
2724,21.528
2725,21.528
2726,21.53
2727,21.53
2728,21.53
2729,21.53
2730,21.53
2731,21.534
2732,21.534
2733,21.534
2734,21.534
2735,21.534
2736,21.534
2737,21.544
2738,21.544
2739,21.544
2740,21.544
2741,21.544
2742,21.544
2743,21.544
2744,21.546
2745,21.546
2746,21.548
2747,21.536
2748,21.536
2749,21.536
2750,21.536
2751,21.536
2752,21.536
2753,21.536
2754,21.536
2755,21.542
2756,21.558
2757,21.558
2758,21.558
2759,21.558
2760,21.558
2761,21.558
2762,21.562
2763,21.562
2764,21.562
2765,21.566
2766,21.566
2767,21.564
2768,21.564
2769,21.564
2770,21.564
2771,21.564
2772,21.562
2773,21.568
2774,21.568
2775,21.568
2776,21.568
2777,21.568
2778,21.568
2779,21.568
2780,21.568
2781,21.568
2782,21.574
2783,21.574
2784,21.574
2785,21.574
2786,21.574
2787,21.568
2788,21.568
2789,21.562
2790,21.562
2791,21.562
2792,21.562
2793,21.57
2794,21.57
2795,21.57
2796,21.57
2797,21.57
2798,21.566
2799,21.566
2800,21.566
2801,21.562
2802,21.562
2803,21.562
2804,21.562
2805,21.562
2806,21.562
2807,21.562
2808,21.556
2809,21.556
2810,21.556
2811,21.556
2812,21.564
2813,21.564
2814,21.564
2815,21.564
2816,21.56
2817,21.564
2818,21.564
2819,21.564
2820,21.564
2821,21.564
2822,21.564
2823,21.564
2824,21.564
2825,21.564
2826,21.564
2827,21.568
2828,21.574
2829,21.574
2830,21.574
2831,21.58
2832,21.58
2833,21.58
2834,21.58
2835,21.582
2836,21.582
2837,21.582
2838,21.582
2839,21.582
2840,21.582
2841,21.584
2842,21.582
2843,21.582
2844,21.582
2845,21.582
2846,21.582
2847,21.582
2848,21.582
2849,21.576
2850,21.576
2851,21.576
2852,21.576
2853,21.578
2854,21.578
2855,21.582
2856,21.582
2857,21.582
2858,21.582
2859,21.58
2860,21.58
2861,21.58
2862,21.58
2863,21.58
2864,21.58
2865,21.58
2866,21.58
2867,21.58
2868,21.58
2869,21.58
2870,21.576
2871,21.576
2872,21.576
2873,21.578
2874,21.578
2875,21.578
2876,21.578
2877,21.58
2878,21.58
2879,21.58
2880,21.58
2881,21.58
2882,21.58
2883,21.58
2884,21.58
2885,21.58
2886,21.58
2887,21.58
2888,21.58
2889,21.58
2890,21.58
2891,21.58
2892,21.58
2893,21.58
2894,21.586
2895,21.586
2896,21.592
2897,21.592
2898,21.592
2899,21.592
2900,21.592
2901,21.592
2902,21.592
2903,21.592
2904,21.592
2905,21.592
2906,21.592
2907,21.592
2908,21.592
2909,21.594
2910,21.594
2911,21.594
2912,21.592
2913,21.592
2914,21.592
2915,21.592
2916,21.594
2917,21.594
2918,21.594
2919,21.594
2920,21.594
2921,21.6
2922,21.6
2923,21.602
2924,21.602
2925,21.602
2926,21.602
2927,21.596
2928,21.602
2929,21.602
2930,21.602
2931,21.602
2932,21.598
2933,21.598
2934,21.598
2935,21.604
2936,21.61
2937,21.61
2938,21.61
2939,21.61
2940,21.61
2941,21.61
2942,21.61
2943,21.612
2944,21.612
2945,21.612
2946,21.612
2947,21.612
2948,21.612
2949,21.612
2950,21.612
2951,21.612
2952,21.616
2953,21.616
2954,21.622
2955,21.622
2956,21.626
2957,21.626
2958,21.622
2959,21.622
2960,21.622
2961,21.622
2962,21.622
2963,21.622
2964,21.622
2965,21.626
2966,21.626
2967,21.622
2968,21.622
2969,21.63
2970,21.63
2971,21.628
2972,21.632
2973,21.63
2974,21.63
2975,21.63
2976,21.63
2977,21.63
2978,21.63
2979,21.63
2980,21.63
2981,21.63
2982,21.63
2983,21.63
2984,21.63
2985,21.63
2986,21.63
2987,21.63
2988,21.63
2989,21.63
2990,21.63
2991,21.632
2992,21.632
2993,21.632
2994,21.636
2995,21.636
2996,21.636
2997,21.636
2998,21.636
2999,21.644
3000,21.644
3001,21.644
3002,21.644
3003,21.644
3004,21.644
3005,21.644
3006,21.644
3007,21.644
3008,21.644
3009,21.644
3010,21.644
3011,21.642
3012,21.642
3013,21.652
3014,21.652
3015,21.652
3016,21.652
3017,21.652
3018,21.652
3019,21.652
3020,21.664
3021,21.664
3022,21.664
3023,21.664
3024,21.684
3025,21.684
3026,21.68
3027,21.68
3028,21.68
3029,21.68
3030,21.68
3031,21.68
3032,21.68
3033,21.68
3034,21.68
3035,21.68
3036,21.686
3037,21.682
3038,21.682
3039,21.682
3040,21.682
3041,21.682
3042,21.682
3043,21.682
3044,21.686
3045,21.686
3046,21.686
3047,21.686
3048,21.686
3049,21.686
3050,21.686
3051,21.686
3052,21.686
3053,21.686
3054,21.686
3055,21.692
3056,21.692
3057,21.69
3058,21.7
3059,21.7
3060,21.7
3061,21.7
3062,21.712
3063,21.712
3064,21.712
3065,21.72
3066,21.72
3067,21.724
3068,21.724
3069,21.724
3070,21.724
3071,21.728
3072,21.728
3073,21.728
3074,21.728
3075,21.728
3076,21.728
3077,21.728
3078,21.728
3079,21.728
3080,21.728
3081,21.728
3082,21.728
3083,21.728
3084,21.728
3085,21.728
3086,21.728
3087,21.728
3088,21.724
3089,21.724
3090,21.724
3091,21.732
3092,21.732
3093,21.732
3094,21.736
3095,21.736
3096,21.736
3097,21.736
3098,21.742
3099,21.766
3100,21.766
3101,21.766
3102,21.764
3103,21.774
3104,21.774
3105,21.772
3106,21.772
3107,21.776
3108,21.776
3109,21.78
3110,21.78
3111,21.78
3112,21.78
3113,21.78
3114,21.78
3115,21.776
3116,21.776
3117,21.776
3118,21.776
3119,21.778
3120,21.78
3121,21.78
3122,21.78
3123,21.78
3124,21.78
3125,21.78
3126,21.782
3127,21.784
3128,21.784
3129,21.784
3130,21.784
3131,21.784
3132,21.784
3133,21.784
3134,21.786
3135,21.786
3136,21.784
3137,21.784
3138,21.802
3139,21.802
3140,21.81
3141,21.814
3142,21.82
3143,21.82
3144,21.818
3145,21.828
3146,21.842
3147,21.848
3148,21.848
3149,21.848
3150,21.848
3151,21.846
3152,21.846
3153,21.846
3154,21.844
3155,21.844
3156,21.844
3157,21.844
3158,21.844
3159,21.844
3160,21.85
3161,21.852
3162,21.856
3163,21.856
3164,21.856
3165,21.856
3166,21.864
3167,21.864
3168,21.864
3169,21.864
3170,21.864
3171,21.868
3172,21.87
3173,21.866
3174,21.866
3175,21.872
3176,21.874
3177,21.876
3178,21.876
3179,21.874
3180,21.882
3181,21.882
3182,21.882
3183,21.884
3184,21.884
3185,21.878
3186,21.878
3187,21.878
3188,21.878
3189,21.878
3190,21.878
3191,21.878
3192,21.882
3193,21.88
3194,21.884
3195,21.884
3196,21.884
3197,21.89
3198,21.904
3199,21.904
3200,21.904
3201,21.904
3202,21.904
3203,21.906
3204,21.916
3205,21.916
3206,21.916
3207,21.916
3208,21.916
3209,21.916
3210,21.92
3211,21.92
3212,21.928
3213,21.928
3214,21.928
3215,21.928
3216,21.928
3217,21.934
3218,21.936
3219,21.936
3220,21.936
3221,21.94
3222,21.94
3223,21.934
3224,21.934
3225,21.94
3226,21.94
3227,21.94
3228,21.94
3229,21.94
3230,21.94
3231,21.94
3232,21.94
3233,21.94
3234,21.938
3235,21.938
3236,21.938
3237,21.938
3238,21.938
3239,21.948
3240,21.948
3241,21.948
3242,21.948
3243,21.948
3244,21.948
3245,21.948
3246,21.95
3247,21.95
3248,21.95
3249,21.95
3250,21.95
3251,21.95
3252,21.95
3253,21.952
3254,21.952
3255,21.954
3256,21.964
3257,21.964
3258,21.964
3259,21.964
3260,21.964
3261,21.964
3262,21.968
3263,21.968
3264,21.968
3265,21.968
3266,21.968
3267,21.968
3268,21.968
3269,21.97
3270,21.97
3271,21.964
3272,21.964
3273,21.962
3274,21.962
3275,21.962
3276,21.964
3277,21.968
3278,21.966
3279,21.966
3280,21.974
3281,21.974
3282,21.974
3283,21.974
3284,21.97
3285,21.974
3286,21.974
3287,21.978
3288,21.976
3289,21.976
3290,21.976
3291,21.976
3292,21.976
3293,21.976
3294,21.984
3295,21.984
3296,21.992
3297,21.994
3298,21.994
3299,21.992
3300,21.992
3301,21.992
3302,21.992
3303,21.992
3304,21.994
3305,21.994
3306,21.994
3307,21.994
3308,21.994
3309,21.984
3310,21.986
3311,22.0
3312,22.0
3313,22.0
3314,22.0
3315,22.0
3316,22.0
3317,22.0
3318,22.0
3319,22.002
3320,22.01
3321,22.01
3322,22.01
3323,22.01
3324,22.02
3325,22.018
3326,22.018
3327,22.024
3328,22.022
3329,22.022
3330,22.022
3331,22.022
3332,22.022
3333,22.022
3334,22.022
3335,22.026
3336,22.03
3337,22.036
3338,22.044
3339,22.044
3340,22.044
3341,22.044
3342,22.044
3343,22.044
3344,22.044
3345,22.05
3346,22.05
3347,22.05
3348,22.048
3349,22.056
3350,22.056
3351,22.06
3352,22.062
3353,22.054
3354,22.064
3355,22.074
3356,22.082
3357,22.09
3358,22.094
3359,22.096
3360,22.1
3361,22.1
3362,22.1
3363,22.1
3364,22.106
3365,22.106
3366,22.106
3367,22.106
3368,22.106
3369,22.106
3370,22.106
3371,22.106
3372,22.114
3373,22.114
3374,22.114
3375,22.11
3376,22.11
3377,22.11
3378,22.11
3379,22.12
3380,22.124
3381,22.126
3382,22.126
3383,22.126
3384,22.126
3385,22.126
3386,22.134
3387,22.134
3388,22.134
3389,22.134
3390,22.134
3391,22.134
3392,22.134
3393,22.134
3394,22.142
3395,22.142
3396,22.154
3397,22.154
3398,22.154
3399,22.154
3400,22.152
3401,22.148
3402,22.148
3403,22.162
3404,22.162
3405,22.162
3406,22.162
3407,22.15
3408,22.158
3409,22.154
3410,22.154
3411,22.154
3412,22.154
3413,22.154
3414,22.154
3415,22.154
3416,22.154
3417,22.154
3418,22.158
3419,22.158
3420,22.158
3421,22.156
3422,22.156
3423,22.156
3424,22.156
3425,22.164
3426,22.172
3427,22.172
3428,22.172
3429,22.172
3430,22.18
3431,22.18
3432,22.18
3433,22.18
3434,22.18
3435,22.184
3436,22.184
3437,22.184
3438,22.184
3439,22.184
3440,22.184
3441,22.186
3442,22.186
3443,22.192
3444,22.186
3445,22.186
3446,22.186
3447,22.186
3448,22.186
3449,22.186
3450,22.186
3451,22.186
3452,22.19
3453,22.19
3454,22.19
3455,22.19
3456,22.19
3457,22.19
3458,22.19
3459,22.19
3460,22.19
3461,22.19
3462,22.19
3463,22.198
3464,22.208
3465,22.208
3466,22.208
3467,22.208
3468,22.206
3469,22.206
3470,22.204
3471,22.204
3472,22.204
3473,22.216
3474,22.216
3475,22.22
3476,22.22
3477,22.21
3478,22.21
3479,22.21
3480,22.198
3481,22.198
3482,22.198
3483,22.198
3484,22.198
3485,22.198
3486,22.198
3487,22.21
3488,22.212
3489,22.212
3490,22.216
3491,22.216
3492,22.216
3493,22.216
3494,22.222
3495,22.222
3496,22.222
3497,22.222
3498,22.22
3499,22.22
3500,22.224
3501,22.232
3502,22.24
3503,22.244
3504,22.244
3505,22.244
3506,22.244
3507,22.244
3508,22.242
3509,22.244
3510,22.244
3511,22.248
3512,22.252
3513,22.252
3514,22.252
3515,22.252
3516,22.25
3517,22.256
3518,22.256
3519,22.256
3520,22.266
3521,22.26
3522,22.26
3523,22.27
3524,22.278
3525,22.28
3526,22.284
3527,22.284
3528,22.286
3529,22.286
3530,22.286
3531,22.286
3532,22.286
3533,22.286
3534,22.286
3535,22.286
3536,22.294
3537,22.294
3538,22.294
3539,22.294
3540,22.294
3541,22.294
3542,22.294
3543,22.294
3544,22.294
3545,22.294
3546,22.304
3547,22.298
3548,22.294
3549,22.294
3550,22.294
3551,22.294
3552,22.3
3553,22.3
3554,22.31
3555,22.31
3556,22.31
3557,22.31
3558,22.31
3559,22.31
3560,22.322
3561,22.322
3562,22.322
3563,22.324
3564,22.324
3565,22.324
3566,22.324
3567,22.332
3568,22.332
3569,22.332
3570,22.33
3571,22.338
3572,22.338
3573,22.338
3574,22.34
3575,22.34
3576,22.34
3577,22.34
3578,22.34
3579,22.34
3580,22.34
3581,22.34
3582,22.34
3583,22.34
3584,22.34
3585,22.34
3586,22.34
3587,22.34
3588,22.34
3589,22.34
3590,22.34
3591,22.34
3592,22.34
3593,22.34
3594,22.346
3595,22.346
3596,22.346
3597,22.346
3598,22.346
3599,22.346
3600,22.346
3601,22.352
3602,22.362
3603,22.362
3604,22.362
3605,22.362
3606,22.362
3607,22.362
3608,22.362
3609,22.362
3610,22.362
3611,22.37
3612,22.37
3613,22.368
3614,22.368
3615,22.378
3616,22.378
3617,22.37
3618,22.37
3619,22.37
3620,22.376
3621,22.376
3622,22.376
3623,22.376
3624,22.376
3625,22.376
3626,22.38
3627,22.38
3628,22.38
3629,22.384
3630,22.384
3631,22.384
3632,22.384
3633,22.384
3634,22.384
3635,22.384
3636,22.384
3637,22.384
3638,22.384
3639,22.382
3640,22.382
3641,22.372
3642,22.372
3643,22.372
3644,22.372
3645,22.372
3646,22.372
3647,22.38
3648,22.38
3649,22.38
3650,22.38
3651,22.38
3652,22.38
3653,22.38
3654,22.38
3655,22.38
3656,22.38
3657,22.374
3658,22.374
3659,22.374
3660,22.378
3661,22.378
3662,22.378
3663,22.378
3664,22.378
3665,22.378
3666,22.38
3667,22.38
3668,22.38
3669,22.382
3670,22.382
3671,22.38
3672,22.38
3673,22.38
3674,22.38
3675,22.38
3676,22.38
3677,22.382
3678,22.382
3679,22.382
3680,22.382
3681,22.382
3682,22.394
3683,22.394
3684,22.396
3685,22.396
3686,22.396
3687,22.396
3688,22.392
3689,22.392
3690,22.392
3691,22.392
3692,22.392
3693,22.392
3694,22.392
3695,22.392
3696,22.392
3697,22.392
3698,22.392
3699,22.392
3700,22.392
3701,22.394
3702,22.406
3703,22.41
3704,22.41
3705,22.41
3706,22.41
3707,22.41
3708,22.41
3709,22.41
3710,22.422
3711,22.422
3712,22.428
3713,22.424
3714,22.424
3715,22.424
3716,22.424
3717,22.424
3718,22.424
3719,22.424
3720,22.434
3721,22.434
3722,22.426
3723,22.426
3724,22.436
3725,22.436
3726,22.44
3727,22.44
3728,22.44
3729,22.44
3730,22.44
3731,22.438
3732,22.44
3733,22.444
3734,22.452
3735,22.456
3736,22.456
3737,22.456
3738,22.46
3739,22.46
3740,22.46
3741,22.466
3742,22.466
3743,22.466
3744,22.466
3745,22.47
3746,22.47
3747,22.472
3748,22.472
3749,22.47
3750,22.46
3751,22.46
3752,22.46
3753,22.46
3754,22.46
3755,22.46
3756,22.464
3757,22.464
3758,22.464
3759,22.464
3760,22.472
3761,22.472
3762,22.472
3763,22.472
3764,22.482
3765,22.482
3766,22.482
3767,22.482
3768,22.482
3769,22.482
3770,22.492
3771,22.492
3772,22.492
3773,22.492
3774,22.492
3775,22.492
3776,22.492
3777,22.492
3778,22.494
3779,22.494
3780,22.494
3781,22.494
3782,22.494
3783,22.494
3784,22.494
3785,22.5
3786,22.498
3787,22.498
3788,22.5
3789,22.508
3790,22.498
3791,22.504
3792,22.504
3793,22.504
3794,22.504
3795,22.504
3796,22.504
3797,22.502
3798,22.502
3799,22.502
3800,22.502
3801,22.502
3802,22.506
3803,22.506
3804,22.506
3805,22.504
3806,22.504
3807,22.504
3808,22.504
3809,22.504
3810,22.514
3811,22.52
3812,22.52
3813,22.52
3814,22.522
3815,22.522
3816,22.522
3817,22.522
3818,22.522
3819,22.522
3820,22.522
3821,22.522
3822,22.522
3823,22.53
3824,22.528
3825,22.528
3826,22.528
3827,22.528
3828,22.528
3829,22.528
3830,22.528
3831,22.528
3832,22.528
3833,22.528
3834,22.528
3835,22.526
3836,22.526
3837,22.52
3838,22.52
3839,22.52
3840,22.524
3841,22.524
3842,22.524
3843,22.518
3844,22.518
3845,22.518
3846,22.518
3847,22.518
3848,22.518
3849,22.518
3850,22.534
3851,22.534
3852,22.534
3853,22.534
3854,22.534
3855,22.534
3856,22.534
3857,22.542
3858,22.542
3859,22.542
3860,22.542
3861,22.542
3862,22.542
3863,22.542
3864,22.542
3865,22.542
3866,22.542
3867,22.542
3868,22.542
3869,22.542
3870,22.55
3871,22.55
3872,22.55
3873,22.554
3874,22.554
3875,22.554
3876,22.568
3877,22.57
3878,22.57
3879,22.57
3880,22.568
3881,22.568
3882,22.574
3883,22.574
3884,22.574
3885,22.572
3886,22.572
3887,22.578
3888,22.578
3889,22.578
3890,22.578
3891,22.578
3892,22.578
3893,22.578
3894,22.578
3895,22.578
3896,22.584
3897,22.584
3898,22.584
3899,22.584
3900,22.584
3901,22.584
3902,22.584
3903,22.586
3904,22.586
3905,22.586
3906,22.586
3907,22.582
3908,22.582
3909,22.582
3910,22.584
3911,22.584
3912,22.584
3913,22.586
3914,22.586
3915,22.586
3916,22.586
3917,22.586
3918,22.598
3919,22.602
3920,22.598
3921,22.598
3922,22.594
3923,22.604
3924,22.604
3925,22.604
3926,22.604
3927,22.604
3928,22.604
3929,22.604
3930,22.604
3931,22.604
3932,22.604
3933,22.604
3934,22.602
3935,22.602
3936,22.602
3937,22.604
3938,22.604
3939,22.612
3940,22.612
3941,22.612
3942,22.616
3943,22.618
3944,22.618
3945,22.616
3946,22.616
3947,22.616
3948,22.62
3949,22.62
3950,22.62
3951,22.62
3952,22.62
3953,22.622
3954,22.624
3955,22.628
3956,22.628
3957,22.628
3958,22.622
3959,22.624
3960,22.624
3961,22.626
3962,22.626
3963,22.626
3964,22.626
3965,22.626
3966,22.626
3967,22.626
3968,22.63
3969,22.63
3970,22.63
3971,22.63
3972,22.63
3973,22.63
3974,22.63
3975,22.626
3976,22.628
3977,22.628
3978,22.628
3979,22.628
3980,22.628
3981,22.634
3982,22.638
3983,22.638
3984,22.638
3985,22.646
3986,22.646
3987,22.646
3988,22.646
3989,22.648
3990,22.648
3991,22.648
3992,22.648
3993,22.648
3994,22.65
3995,22.65
3996,22.646
3997,22.648
3998,22.648
3999,22.648
4000,22.648
4001,22.648
4002,22.648
4003,22.648
4004,22.652
4005,22.654
4006,22.654
4007,22.654
4008,22.654
4009,22.654
4010,22.658
4011,22.658
4012,22.658
4013,22.658
4014,22.658
4015,22.658
4016,22.658
4017,22.658
4018,22.658
4019,22.658
4020,22.66
4021,22.66
4022,22.66
4023,22.658
4024,22.658
4025,22.658
4026,22.658
4027,22.672
4028,22.676
4029,22.676
4030,22.686
4031,22.686
4032,22.688
4033,22.688
4034,22.692
4035,22.692
4036,22.692
4037,22.694
4038,22.694
4039,22.702
4040,22.702
4041,22.704
4042,22.704
4043,22.704
4044,22.71
4045,22.71
4046,22.71
4047,22.718
4048,22.718
4049,22.718
4050,22.718
4051,22.718
4052,22.718
4053,22.718
4054,22.718
4055,22.718
4056,22.718
4057,22.718
4058,22.718
4059,22.72
4060,22.72
4061,22.72
4062,22.72
4063,22.72
4064,22.72
4065,22.72
4066,22.72
4067,22.72
4068,22.72
4069,22.72
4070,22.72
4071,22.72
4072,22.716
4073,22.716
4074,22.716
4075,22.716
4076,22.72
4077,22.724
4078,22.73
4079,22.73
4080,22.736
4081,22.736
4082,22.736
4083,22.736
4084,22.742
4085,22.754
4086,22.754
4087,22.76
4088,22.76
4089,22.768
4090,22.772
4091,22.772
4092,22.772
4093,22.772
4094,22.78
4095,22.782
4096,22.782
4097,22.782
4098,22.782
4099,22.79
4100,22.79
4101,22.79
4102,22.79
4103,22.79
4104,22.79
4105,22.79
4106,22.79
4107,22.79
4108,22.79
4109,22.79
4110,22.79
4111,22.79
4112,22.79
4113,22.79
4114,22.786
4115,22.786
4116,22.786
4117,22.79
4118,22.79
4119,22.79
4120,22.79
4121,22.788
4122,22.796
4123,22.796
4124,22.8
4125,22.798
4126,22.798
4127,22.804
4128,22.804
4129,22.814
4130,22.814
4131,22.814
4132,22.818
4133,22.818
4134,22.818
4135,22.824
4136,22.824
4137,22.824
4138,22.824
4139,22.82
4140,22.82
4141,22.824
4142,22.824
4143,22.824
4144,22.824
4145,22.826
4146,22.826
4147,22.828
4148,22.832
4149,22.832
4150,22.832
4151,22.832
4152,22.832
4153,22.832
4154,22.832
4155,22.832
4156,22.828
4157,22.838
4158,22.838
4159,22.838
4160,22.838
4161,22.836
4162,22.836
4163,22.836
4164,22.836
4165,22.836
4166,22.836
4167,22.836
4168,22.836
4169,22.836
4170,22.836
4171,22.826
4172,22.826
4173,22.826
4174,22.834
4175,22.834
4176,22.834
4177,22.834
4178,22.834
4179,22.834
4180,22.834
4181,22.832
4182,22.832
4183,22.836
4184,22.836
4185,22.836
4186,22.836
4187,22.836
4188,22.836
4189,22.836
4190,22.842
4191,22.842
4192,22.848
4193,22.848
4194,22.848
4195,22.848
4196,22.848
4197,22.848
4198,22.856
4199,22.856
4200,22.856
4201,22.856
4202,22.862
4203,22.862
4204,22.862
4205,22.864
4206,22.864
4207,22.864
4208,22.864
4209,22.864
4210,22.864
4211,22.864
4212,22.864
4213,22.864
4214,22.864
4215,22.864
4216,22.864
4217,22.868
4218,22.868
4219,22.868
4220,22.872
4221,22.884
4222,22.884
4223,22.884
4224,22.884
4225,22.884
4226,22.882
4227,22.882
4228,22.882
4229,22.882
4230,22.882
4231,22.9
4232,22.9
4233,22.9
4234,22.9
4235,22.9
4236,22.9
4237,22.91
4238,22.91
4239,22.91
4240,22.91
4241,22.91
4242,22.91
4243,22.912
4244,22.912
4245,22.912
4246,22.912
4247,22.92
4248,22.914
4249,22.916
4250,22.916
4251,22.916
4252,22.916
4253,22.904
4254,22.904
4255,22.904
4256,22.904
4257,22.904
4258,22.904
4259,22.904
4260,22.918
4261,22.918
4262,22.918
4263,22.918
4264,22.922
4265,22.922
4266,22.922
4267,22.922
4268,22.922
4269,22.922
4270,22.922
4271,22.922
4272,22.922
4273,22.922
4274,22.928
4275,22.928
4276,22.93
4277,22.928
4278,22.928
4279,22.936
4280,22.936
4281,22.936
4282,22.936
4283,22.936
4284,22.936
4285,22.936
4286,22.936
4287,22.936
4288,22.94
4289,22.94
4290,22.94
4291,22.94
4292,22.94
4293,22.94
4294,22.944
4295,22.944
4296,22.956
4297,22.956
4298,22.958
4299,22.958
4300,22.958
4301,22.962
4302,22.962
4303,22.962
4304,22.962
4305,22.962
4306,22.966
4307,22.966
4308,22.966
4309,22.966
4310,22.966
4311,22.966
4312,22.964
4313,22.964
4314,22.964
4315,22.964
4316,22.966
4317,22.966
4318,22.966
4319,22.966
4320,22.966
4321,22.966
4322,22.966
4323,22.968
4324,22.968
4325,22.968
4326,22.968
4327,22.972
4328,22.972
4329,22.972
4330,22.972
4331,22.978
4332,22.978
4333,22.978
4334,22.978
4335,22.978
4336,22.978
4337,22.978
4338,22.978
4339,22.98
4340,22.98
4341,22.98
4342,22.98
4343,22.98
4344,22.986
4345,22.986
4346,22.99
4347,22.998
4348,22.998
4349,22.998
4350,22.998
4351,23.002
4352,23.002
4353,23.002
4354,23.006
4355,23.006
4356,23.006
4357,23.006
4358,23.006
4359,23.006
4360,23.006
4361,23.006
4362,23.006
4363,23.006
4364,23.018
4365,23.022
4366,23.022
4367,23.022
4368,23.022
4369,23.022
4370,23.022
4371,23.022
4372,23.03
4373,23.03
4374,23.03
4375,23.026
4376,23.02
4377,23.02
4378,23.028
4379,23.028
4380,23.028
4381,23.028
4382,23.028
4383,23.034
4384,23.034
4385,23.034
4386,23.034
4387,23.034
4388,23.034
4389,23.034
4390,23.034
4391,23.034
4392,23.034
4393,23.034
4394,23.034
4395,23.034
4396,23.034
4397,23.034
4398,23.034
4399,23.034
4400,23.034
4401,23.034
4402,23.034
4403,23.034
4404,23.034
4405,23.034
4406,23.034
4407,23.034
4408,23.034
4409,23.034
4410,23.042
4411,23.042
4412,23.042
4413,23.044
4414,23.044
4415,23.054
4416,23.054
4417,23.054
4418,23.054
4419,23.054
4420,23.054
4421,23.054
4422,23.054
4423,23.058
4424,23.062
4425,23.062
4426,23.062
4427,23.062
4428,23.07
4429,23.07
4430,23.07
4431,23.07
4432,23.07
4433,23.074
4434,23.074
4435,23.074
4436,23.074
4437,23.074
4438,23.074
4439,23.074
4440,23.074
4441,23.074
4442,23.076
4443,23.078
4444,23.08
4445,23.076
4446,23.076
4447,23.076
4448,23.078
4449,23.08
4450,23.08
4451,23.08
4452,23.08
4453,23.076
4454,23.076
4455,23.076
4456,23.076
4457,23.076
4458,23.078
4459,23.078
4460,23.076
4461,23.078
4462,23.078
4463,23.078
4464,23.078
4465,23.088
4466,23.09
4467,23.098
4468,23.09
4469,23.096
4470,23.096
4471,23.096
4472,23.096
4473,23.096
4474,23.096
4475,23.096
4476,23.096
4477,23.096
4478,23.098
4479,23.102
4480,23.102
4481,23.102
4482,23.102
4483,23.102
4484,23.102
4485,23.102
4486,23.102
4487,23.094
4488,23.094
4489,23.094
4490,23.094
4491,23.094
4492,23.098
4493,23.098
4494,23.098
4495,23.098
4496,23.098
4497,23.112
4498,23.118
4499,23.12
4500,23.12
4501,23.124
4502,23.124
4503,23.124
4504,23.124
4505,23.124
4506,23.124
4507,23.122
4508,23.122
4509,23.122
4510,23.122
4511,23.122
4512,23.122
4513,23.122
4514,23.122
4515,23.122
4516,23.126
4517,23.126
4518,23.126
4519,23.126
4520,23.128
4521,23.128
4522,23.132
4523,23.132
4524,23.132
4525,23.132
4526,23.132
4527,23.132
4528,23.132
4529,23.14
4530,23.14
4531,23.14
4532,23.14
4533,23.14
4534,23.14
4535,23.14
4536,23.14
4537,23.14
4538,23.14
4539,23.14
4540,23.14
4541,23.14
4542,23.14
4543,23.14
4544,23.14
4545,23.14
4546,23.14
4547,23.14
4548,23.146
4549,23.146
4550,23.146
4551,23.146
4552,23.146
4553,23.146
4554,23.152
4555,23.152
4556,23.152
4557,23.152
4558,23.152
4559,23.152
4560,23.152
4561,23.152
4562,23.152
4563,23.154
4564,23.152
4565,23.148
4566,23.148
4567,23.154
4568,23.154
4569,23.154
4570,23.16
4571,23.162
4572,23.162
4573,23.162
4574,23.162
4575,23.162
4576,23.162
4577,23.162
4578,23.164
4579,23.164
4580,23.164
4581,23.162
4582,23.162
4583,23.162
4584,23.17
4585,23.17
4586,23.17
4587,23.168
4588,23.168
4589,23.168
4590,23.168
4591,23.168
4592,23.168
4593,23.172
4594,23.182
4595,23.182
4596,23.176
4597,23.176
4598,23.176
4599,23.182
4600,23.182
4601,23.182
4602,23.182
4603,23.182
4604,23.182
4605,23.182
4606,23.184
4607,23.19
4608,23.188
4609,23.188
4610,23.188
4611,23.188
4612,23.188
4613,23.188
4614,23.188
4615,23.188
4616,23.188
4617,23.188
4618,23.188
4619,23.188
4620,23.186
4621,23.186
4622,23.186
4623,23.186
4624,23.186
4625,23.186
4626,23.186
4627,23.186
4628,23.186
4629,23.186
4630,23.184
4631,23.184
4632,23.184
4633,23.184
4634,23.184
4635,23.184
4636,23.184
4637,23.184
4638,23.188
4639,23.184
4640,23.184
4641,23.184
4642,23.19
4643,23.19
4644,23.196
4645,23.196
4646,23.196
4647,23.196
4648,23.196
4649,23.196
4650,23.202
4651,23.202
4652,23.202
4653,23.202
4654,23.202
4655,23.202
4656,23.202
4657,23.202
4658,23.202
4659,23.202
4660,23.212
4661,23.218
4662,23.218
4663,23.218
4664,23.224
4665,23.224
4666,23.224
4667,23.224
4668,23.224
4669,23.224
4670,23.224
4671,23.224
4672,23.224
4673,23.23
4674,23.23
4675,23.234
4676,23.232
4677,23.232
4678,23.232
4679,23.238
4680,23.238
4681,23.238
4682,23.238
4683,23.238
4684,23.238
4685,23.238
4686,23.238
4687,23.242
4688,23.242
4689,23.24
4690,23.248
4691,23.248
4692,23.248
4693,23.254
4694,23.25
4695,23.25
4696,23.25
4697,23.25
4698,23.25
4699,23.246
4700,23.252
4701,23.252
4702,23.252
4703,23.252
4704,23.252
4705,23.252
4706,23.252
4707,23.252
4708,23.252
4709,23.252
4710,23.252
4711,23.252
4712,23.252
4713,23.252
4714,23.252
4715,23.252
4716,23.262
4717,23.262
4718,23.268
4719,23.264
4720,23.272
4721,23.272
4722,23.272
4723,23.272
4724,23.272
4725,23.278
4726,23.278
4727,23.28
4728,23.28
4729,23.28
4730,23.28
4731,23.28
4732,23.28
4733,23.278
4734,23.278
4735,23.278
4736,23.282
4737,23.288
4738,23.288
4739,23.288
4740,23.288
4741,23.288
4742,23.288
4743,23.288
4744,23.29
4745,23.29
4746,23.29
4747,23.29
4748,23.29
4749,23.29
4750,23.29
4751,23.29
4752,23.29
4753,23.29
4754,23.29
4755,23.29
4756,23.29
4757,23.286
4758,23.286
4759,23.282
4760,23.286
4761,23.286
4762,23.286
4763,23.286
4764,23.286
4765,23.286
4766,23.286
4767,23.286
4768,23.286
4769,23.286
4770,23.286
4771,23.286
4772,23.286
4773,23.296
4774,23.296
4775,23.296
4776,23.296
4777,23.296
4778,23.296
4779,23.296
4780,23.296
4781,23.296
4782,23.296
4783,23.306
4784,23.306
4785,23.306
4786,23.306
4787,23.306
4788,23.312
4789,23.31
4790,23.31
4791,23.31
4792,23.31
4793,23.31
4794,23.31
4795,23.314
4796,23.314
4797,23.314
4798,23.318
4799,23.324
4800,23.324
4801,23.324
4802,23.324
4803,23.324
4804,23.324
4805,23.324
4806,23.324
4807,23.324
4808,23.324
4809,23.332
4810,23.338
4811,23.338
4812,23.34
4813,23.342
4814,23.342
4815,23.342
4816,23.342
4817,23.342
4818,23.342
4819,23.352
4820,23.352
4821,23.352
4822,23.352
4823,23.352
4824,23.352
4825,23.35
4826,23.35
4827,23.35
4828,23.35
4829,23.35
4830,23.35
4831,23.35
4832,23.35
4833,23.35
4834,23.35
4835,23.35
4836,23.35
4837,23.35
4838,23.35
4839,23.356
4840,23.356
4841,23.356
4842,23.356
4843,23.356
4844,23.356
4845,23.356
4846,23.356
4847,23.356
4848,23.356
4849,23.356
4850,23.356
4851,23.356
4852,23.356
4853,23.364
4854,23.364
4855,23.364
4856,23.364
4857,23.356
4858,23.356
4859,23.356
4860,23.356
4861,23.358
4862,23.362
4863,23.362
4864,23.362
4865,23.36
4866,23.36
4867,23.36
4868,23.368
4869,23.366
4870,23.366
4871,23.374
4872,23.374
4873,23.374
4874,23.374
4875,23.374
4876,23.37
4877,23.37
4878,23.37
4879,23.37
4880,23.37
4881,23.37
4882,23.378
4883,23.378
4884,23.384
4885,23.384
4886,23.386
4887,23.386
4888,23.386
4889,23.386
4890,23.386
4891,23.386
4892,23.386
4893,23.386
4894,23.386
4895,23.384
4896,23.384
4897,23.384
4898,23.384
4899,23.384
4900,23.386
4901,23.386
4902,23.386
4903,23.382
4904,23.382
4905,23.39
4906,23.392
4907,23.392
4908,23.392
4909,23.392
4910,23.398
4911,23.398
4912,23.398
4913,23.398
4914,23.398
4915,23.398
4916,23.398
4917,23.4
4918,23.4
4919,23.4
4920,23.4
4921,23.4
4922,23.4
4923,23.4
4924,23.4
4925,23.4
4926,23.4
4927,23.4
4928,23.4
4929,23.4
4930,23.4
4931,23.4
4932,23.4
4933,23.406
4934,23.41
4935,23.41
4936,23.41
4937,23.408
4938,23.408
4939,23.408
4940,23.402
4941,23.402
4942,23.4
4943,23.402
4944,23.408
4945,23.408
4946,23.408
4947,23.408
4948,23.408
4949,23.408
4950,23.408
4951,23.412
4952,23.406
4953,23.414
4954,23.414
4955,23.414
4956,23.414
4957,23.416
4958,23.416
4959,23.416
4960,23.416
4961,23.416
4962,23.418
4963,23.418
4964,23.418
4965,23.414
4966,23.414
4967,23.416
4968,23.416
4969,23.416
4970,23.424
4971,23.424
4972,23.424
4973,23.426
4974,23.426
4975,23.43
4976,23.43
4977,23.43
4978,23.43
4979,23.43
4980,23.43
4981,23.43
4982,23.43
4983,23.434
4984,23.434
4985,23.434
4986,23.434
4987,23.44
4988,23.44
4989,23.44
4990,23.444
4991,23.438
4992,23.438
4993,23.438
4994,23.438
4995,23.438
4996,23.438
4997,23.438
4998,23.438
4999,23.438
5000,23.438
5001,23.438
5002,23.442
5003,23.446
5004,23.446
5005,23.446
5006,23.446
5007,23.442
5008,23.442
5009,23.442
5010,23.442
5011,23.44
5012,23.44
5013,23.44
5014,23.438
5015,23.44
5016,23.44
5017,23.44
5018,23.44
5019,23.44
5020,23.442
5021,23.448
5022,23.448
5023,23.458
5024,23.458
5025,23.458
5026,23.458
5027,23.466
5028,23.466
5029,23.466
5030,23.466
5031,23.466
5032,23.468
5033,23.468
5034,23.468
5035,23.468
5036,23.47
5037,23.47
5038,23.474
5039,23.476
5040,23.476
5041,23.476
5042,23.476
5043,23.476
5044,23.482
5045,23.482
5046,23.482
5047,23.482
5048,23.482
5049,23.482
5050,23.482
5051,23.482
5052,23.482
5053,23.482
5054,23.482
5055,23.482
5056,23.482
5057,23.482
5058,23.482
5059,23.482
5060,23.482
5061,23.482
5062,23.482
5063,23.482
5064,23.482
5065,23.482
5066,23.482
5067,23.482
5068,23.482
5069,23.482
5070,23.482
5071,23.482
5072,23.482
5073,23.482
5074,23.482
5075,23.482
5076,23.482
5077,23.482
5078,23.482
5079,23.482
5080,23.482
5081,23.482
5082,23.482
5083,23.482
5084,23.482
5085,23.488
5086,23.488
5087,23.49
5088,23.49
5089,23.49
5090,23.49
5091,23.49
5092,23.49
5093,23.49
5094,23.49
5095,23.49
5096,23.49
5097,23.49
5098,23.492
5099,23.492
5100,23.492
5101,23.492
5102,23.492
5103,23.498
5104,23.498
5105,23.498
5106,23.502
5107,23.502
5108,23.502
5109,23.502
5110,23.502
5111,23.502
5112,23.502
5113,23.502
5114,23.502
5115,23.502
5116,23.502
5117,23.508
5118,23.508
5119,23.518
5120,23.518
5121,23.518
5122,23.518
5123,23.518
5124,23.518
5125,23.518
5126,23.518
5127,23.518
5128,23.518
5129,23.518
5130,23.516
5131,23.52
5132,23.52
5133,23.52
5134,23.52
5135,23.52
5136,23.528
5137,23.528
5138,23.528
5139,23.528
5140,23.528
5141,23.528
5142,23.528
5143,23.532
5144,23.534
5145,23.534
5146,23.534
5147,23.534
5148,23.534
5149,23.532
5150,23.532
5151,23.532
5152,23.532
5153,23.532
5154,23.532
5155,23.534
5156,23.534
5157,23.534
5158,23.54
5159,23.534
5160,23.534
5161,23.534
5162,23.534
5163,23.538
5164,23.538
5165,23.538
5166,23.538
5167,23.538
5168,23.54
5169,23.54
5170,23.536
5171,23.536
5172,23.538
5173,23.548
5174,23.548
5175,23.548
5176,23.548
5177,23.548
5178,23.548
5179,23.548
5180,23.548
5181,23.548
5182,23.552
5183,23.552
5184,23.552
5185,23.552
5186,23.552
5187,23.552
5188,23.554
5189,23.554
5190,23.554
5191,23.556
5192,23.56
5193,23.56
5194,23.562
5195,23.568
5196,23.568
5197,23.57
5198,23.57
5199,23.57
5200,23.57
5201,23.57
5202,23.57
5203,23.57
5204,23.57
5205,23.57
5206,23.57
5207,23.57
5208,23.57
5209,23.57
5210,23.578
5211,23.578
5212,23.578
5213,23.578
5214,23.578
5215,23.578
5216,23.578
5217,23.578
5218,23.578
5219,23.578
5220,23.578
5221,23.578
5222,23.578
5223,23.578
5224,23.578
5225,23.578
5226,23.578
5227,23.578
5228,23.58
5229,23.58
5230,23.582
5231,23.582
5232,23.582
5233,23.582
5234,23.582
5235,23.586
5236,23.586
5237,23.584
5238,23.586
5239,23.59
5240,23.596
5241,23.596
5242,23.596
5243,23.596
5244,23.596
5245,23.596
5246,23.596
5247,23.598
5248,23.598
5249,23.598
5250,23.598
5251,23.598
5252,23.598
5253,23.598
5254,23.598
5255,23.598
5256,23.598
5257,23.598
5258,23.598
5259,23.598
5260,23.606
5261,23.606
5262,23.606
5263,23.598
5264,23.598
5265,23.598
5266,23.598
5267,23.598
5268,23.604
5269,23.604
5270,23.604
5271,23.604
5272,23.6
5273,23.6
5274,23.6
5275,23.594
5276,23.594
5277,23.594
5278,23.594
5279,23.594
5280,23.594
5281,23.594
5282,23.594
5283,23.586
5284,23.586
5285,23.586
5286,23.594
5287,23.594
5288,23.594
5289,23.594
5290,23.594
5291,23.594
5292,23.594
5293,23.596
5294,23.596
5295,23.598
5296,23.598
5297,23.598
5298,23.598
5299,23.598
5300,23.598
5301,23.6
5302,23.608
5303,23.608
5304,23.608
5305,23.608
5306,23.608
5307,23.614
5308,23.614
5309,23.614
5310,23.616
5311,23.616
5312,23.62
5313,23.62
5314,23.62
5315,23.62
5316,23.62
5317,23.62
5318,23.616
5319,23.616
5320,23.616
5321,23.616
5322,23.616
5323,23.616
5324,23.616
5325,23.616
5326,23.616
5327,23.616
5328,23.616
5329,23.622
5330,23.63
5331,23.63
5332,23.63
5333,23.63
5334,23.63
5335,23.632
5336,23.632
5337,23.636
5338,23.636
5339,23.636
5340,23.636
5341,23.636
5342,23.636
5343,23.636
5344,23.636
5345,23.636
5346,23.636
5347,23.636
5348,23.64
5349,23.64
5350,23.64
5351,23.64
5352,23.638
5353,23.638
5354,23.638
5355,23.638
5356,23.638
5357,23.638
5358,23.638
5359,23.64
5360,23.644
5361,23.65
5362,23.65
5363,23.654
5364,23.654
5365,23.654
5366,23.654
5367,23.654
5368,23.654
5369,23.654
5370,23.654
5371,23.654
5372,23.654
5373,23.658
5374,23.658
5375,23.658
5376,23.658
5377,23.658
5378,23.658
5379,23.66
5380,23.666
5381,23.666
5382,23.666
5383,23.666
5384,23.666
5385,23.666
5386,23.666
5387,23.666
5388,23.666
5389,23.672
5390,23.672
5391,23.672
5392,23.664
5393,23.664
5394,23.664
5395,23.664
5396,23.664
5397,23.664
5398,23.664
5399,23.666
5400,23.666
5401,23.666
5402,23.666
5403,23.668
5404,23.668
5405,23.668
5406,23.668
5407,23.668
5408,23.67
5409,23.67
5410,23.67
5411,23.67
5412,23.67
5413,23.67
5414,23.668
5415,23.668
5416,23.672
5417,23.672
5418,23.672
5419,23.676
5420,23.676
5421,23.676
5422,23.676
5423,23.674
5424,23.674
5425,23.674
5426,23.67
5427,23.67
5428,23.67
5429,23.67
5430,23.67
5431,23.67
5432,23.67
5433,23.67
5434,23.67
5435,23.67
5436,23.67
5437,23.67
5438,23.67
5439,23.67
5440,23.672
5441,23.672
5442,23.672
5443,23.672
5444,23.672
5445,23.672
5446,23.674
5447,23.674
5448,23.674
5449,23.674
5450,23.674
5451,23.678
5452,23.678
5453,23.678
5454,23.678
5455,23.678
5456,23.678
5457,23.678
5458,23.678
5459,23.678
5460,23.684
5461,23.684
5462,23.684
5463,23.688
5464,23.688
5465,23.688
5466,23.682
5467,23.682
5468,23.682
5469,23.688
5470,23.69
5471,23.69
5472,23.686
5473,23.686
5474,23.686
5475,23.69
5476,23.69
5477,23.69
5478,23.69
5479,23.69
5480,23.69
5481,23.69
5482,23.69
5483,23.694
5484,23.694
5485,23.694
5486,23.694
5487,23.694
5488,23.694
5489,23.708
5490,23.706
5491,23.706
5492,23.71
5493,23.71
5494,23.71
5495,23.71
5496,23.712
5497,23.712
5498,23.712
5499,23.712
5500,23.712
5501,23.712
5502,23.712
5503,23.712
5504,23.708
5505,23.708
5506,23.708
5507,23.716
5508,23.716
5509,23.716
5510,23.716
5511,23.716
5512,23.716
5513,23.716
5514,23.716
5515,23.724
5516,23.724
5517,23.724
5518,23.724
5519,23.724
5520,23.724
5521,23.722
5522,23.722
5523,23.722
5524,23.722
5525,23.722
5526,23.722
5527,23.722
5528,23.722
5529,23.722
5530,23.722
5531,23.722
5532,23.726
5533,23.726
5534,23.726
5535,23.726
5536,23.726
5537,23.726
5538,23.726
5539,23.726
5540,23.726
5541,23.726
5542,23.724
5543,23.726
5544,23.726
5545,23.726
5546,23.726
5547,23.726
5548,23.726
5549,23.726
5550,23.726
5551,23.726
5552,23.726
5553,23.73
5554,23.73
5555,23.73
5556,23.73
5557,23.73
5558,23.73
5559,23.73
5560,23.738
5561,23.744
5562,23.744
5563,23.744
5564,23.744
5565,23.74
5566,23.742
5567,23.742
5568,23.742
5569,23.742
5570,23.742
5571,23.742
5572,23.742
5573,23.752
5574,23.754
5575,23.758
5576,23.758
5577,23.758
5578,23.758
5579,23.758
5580,23.758
5581,23.758
5582,23.754
5583,23.754
5584,23.754
5585,23.754
5586,23.754
5587,23.754
5588,23.762
5589,23.762
5590,23.762
5591,23.766
5592,23.766
5593,23.766
5594,23.766
5595,23.766
5596,23.766
5597,23.766
5598,23.77
5599,23.77
5600,23.77
5601,23.772
5602,23.77
5603,23.77
5604,23.78
5605,23.784
5606,23.784
5607,23.784
5608,23.784
5609,23.784
5610,23.784
5611,23.784
5612,23.792
5613,23.794
5614,23.794
5615,23.8
5616,23.8
5617,23.8
5618,23.8
5619,23.8
5620,23.8
5621,23.8
5622,23.8
5623,23.804
5624,23.804
5625,23.804
5626,23.812
5627,23.812
5628,23.808
5629,23.808
5630,23.808
5631,23.808
5632,23.808
5633,23.808
5634,23.808
5635,23.808
5636,23.808
5637,23.814
5638,23.824
5639,23.828
5640,23.828
5641,23.828
5642,23.828
5643,23.834
5644,23.834
5645,23.834
5646,23.838
5647,23.838
5648,23.838
5649,23.838
5650,23.838
5651,23.838
5652,23.838
5653,23.838
5654,23.838
5655,23.838
5656,23.838
5657,23.842
5658,23.842
5659,23.842
5660,23.842
5661,23.842
5662,23.842
5663,23.842
5664,23.84
5665,23.846
5666,23.846
5667,23.846
5668,23.846
5669,23.846
5670,23.844
5671,23.844
5672,23.844
5673,23.844
5674,23.84
5675,23.84
5676,23.84
5677,23.848
5678,23.848
5679,23.848
5680,23.848
5681,23.848
5682,23.848
5683,23.85
5684,23.85
5685,23.85
5686,23.85
5687,23.85
5688,23.85
5689,23.854
5690,23.854
5691,23.854
5692,23.854
5693,23.854
5694,23.854
5695,23.854
5696,23.854
5697,23.86
5698,23.86
5699,23.86
5700,23.86
5701,23.86
5702,23.86
5703,23.86
5704,23.856
5705,23.856
5706,23.852
5707,23.852
5708,23.852
5709,23.852
5710,23.852
5711,23.852
5712,23.852
5713,23.852
5714,23.852
5715,23.85
5716,23.85
5717,23.85
5718,23.85
5719,23.852
5720,23.852
5721,23.852
5722,23.858
5723,23.858
5724,23.858
5725,23.862
5726,23.862
5727,23.862
5728,23.862
5729,23.868
5730,23.868
5731,23.868
5732,23.868
5733,23.868
5734,23.87
5735,23.866
5736,23.866
5737,23.866
5738,23.868
5739,23.872
5740,23.872
5741,23.872
5742,23.872
5743,23.872
5744,23.872
5745,23.872
5746,23.86
5747,23.86
5748,23.86
5749,23.86
5750,23.86
5751,23.86
5752,23.866
5753,23.87
5754,23.87
5755,23.87
5756,23.87
5757,23.87
5758,23.87
5759,23.876
5760,23.88
5761,23.88
5762,23.88
5763,23.882
5764,23.882
5765,23.882
5766,23.894
5767,23.894
5768,23.898
5769,23.904
5770,23.904
5771,23.904
5772,23.904
5773,23.904
5774,23.9
5775,23.9
5776,23.9
5777,23.904
5778,23.904
5779,23.91
5780,23.91
5781,23.91
5782,23.91
5783,23.91
5784,23.91
5785,23.91
5786,23.914
5787,23.914
5788,23.904
5789,23.904
5790,23.904
5791,23.908
5792,23.908
5793,23.908
5794,23.908
5795,23.908
5796,23.918
5797,23.918
5798,23.928
5799,23.928
5800,23.928
5801,23.928
5802,23.928
5803,23.926
5804,23.926
5805,23.926
5806,23.928
5807,23.926
5808,23.93
5809,23.93
5810,23.93
5811,23.93
5812,23.93
5813,23.93
5814,23.93
5815,23.93
5816,23.934
5817,23.934
5818,23.934
5819,23.934
5820,23.934
5821,23.934
5822,23.934
5823,23.936
5824,23.936
5825,23.936
5826,23.936
5827,23.936
5828,23.936
5829,23.936
5830,23.936
5831,23.936
5832,23.936
5833,23.94
5834,23.94
5835,23.946
5836,23.946
5837,23.946
5838,23.946
5839,23.946
5840,23.946
5841,23.946
5842,23.96
5843,23.96
5844,23.96
5845,23.96
5846,23.96
5847,23.96
5848,23.96
5849,23.96
5850,23.96
5851,23.968
5852,23.968
5853,23.97
5854,23.972
5855,23.972
5856,23.972
5857,23.972
5858,23.972
5859,23.972
5860,23.972
5861,23.978
5862,23.978
5863,23.978
5864,23.978
5865,23.978
5866,23.978
5867,23.978
5868,23.98
5869,23.984
5870,23.984
5871,23.982
5872,23.982
5873,23.986
5874,23.996
5875,23.996
5876,23.996
5877,23.998
5878,23.998
5879,24.002
5880,24.002
5881,24.002
5882,24.002
5883,24.002
5884,24.002
5885,24.004
5886,24.004
5887,24.004
5888,24.004
5889,24.004
5890,24.008
5891,24.008
5892,23.998
5893,23.998
5894,24.002
5895,24.014
5896,24.016
5897,24.02
5898,24.02
5899,24.02
5900,24.02
5901,24.02
5902,24.02
5903,24.02
5904,24.028
5905,24.032
5906,24.032
5907,24.032
5908,24.032
5909,24.032
5910,24.032
5911,24.032
5912,24.032
5913,24.032
5914,24.032
5915,24.032
5916,24.032
5917,24.032
5918,24.038
5919,24.038
5920,24.044
5921,24.044
5922,24.05
5923,24.05
5924,24.05
5925,24.05
5926,24.05
5927,24.05
5928,24.05
5929,24.05
5930,24.05
5931,24.05
5932,24.05
5933,24.05
5934,24.05
5935,24.05
5936,24.05
5937,24.05
5938,24.05
5939,24.05
5940,24.05
5941,24.05
5942,24.05
5943,24.05
5944,24.056
5945,24.056
5946,24.056
5947,24.056
5948,24.056
5949,24.056
5950,24.056
5951,24.056
5952,24.056
5953,24.056
5954,24.056
5955,24.058
5956,24.066
5957,24.066
5958,24.066
5959,24.066
5960,24.066
5961,24.066
5962,24.066
5963,24.066
5964,24.062
5965,24.062
5966,24.062
5967,24.062
5968,24.06
5969,24.06
5970,24.066
5971,24.06
5972,24.064
5973,24.064
5974,24.064
5975,24.068
5976,24.068
5977,24.068
5978,24.068
5979,24.068
5980,24.07
5981,24.07
5982,24.082
5983,24.082
5984,24.082
5985,24.088
5986,24.09
5987,24.09
5988,24.09
5989,24.09
5990,24.09
5991,24.09
5992,24.094
5993,24.094
5994,24.094
5995,24.094
5996,24.094
5997,24.094
5998,24.094
5999,24.094
6000,24.094
6001,24.094
6002,24.094
6003,24.098
6004,24.098
6005,24.098
6006,24.098
6007,24.098
6008,24.1
6009,24.1
6010,24.1
6011,24.1
6012,24.1
6013,24.1
6014,24.1
6015,24.1
6016,24.1
6017,24.1
6018,24.1
6019,24.1
6020,24.108
6021,24.108
6022,24.108
6023,24.108
6024,24.112
6025,24.112
6026,24.112
6027,24.112
6028,24.112
6029,24.112
6030,24.118
6031,24.118
6032,24.128
6033,24.136
6034,24.136
6035,24.136
6036,24.136
6037,24.136
6038,24.136
6039,24.136
6040,24.136
6041,24.138
6042,24.138
6043,24.138
6044,24.138
6045,24.138
6046,24.136
6047,24.136
6048,24.136
6049,24.136
6050,24.136
6051,24.136
6052,24.136
6053,24.136
6054,24.136
6055,24.136
6056,24.136
6057,24.14
6058,24.14
6059,24.14
6060,24.14
6061,24.14
6062,24.14
6063,24.14
6064,24.144
6065,24.144
6066,24.146
6067,24.146
6068,24.146
6069,24.146
6070,24.146
6071,24.146
6072,24.146
6073,24.146
6074,24.15
6075,24.144
6076,24.144
6077,24.144
6078,24.144
6079,24.144
6080,24.14
6081,24.14
6082,24.14
6083,24.14
6084,24.14
6085,24.144
6086,24.15
6087,24.154
6088,24.154
6089,24.154
6090,24.154
6091,24.154
6092,24.154
6093,24.154
6094,24.16
6095,24.158
6096,24.158
6097,24.158
6098,24.158
6099,24.158
6100,24.158
6101,24.158
6102,24.16
6103,24.166
6104,24.164
6105,24.164
6106,24.164
6107,24.164
6108,24.164
6109,24.164
6110,24.164
6111,24.164
6112,24.164
6113,24.166
6114,24.166
6115,24.166
6116,24.166
6117,24.166
6118,24.166
6119,24.17
6120,24.17
6121,24.166
6122,24.162
6123,24.162
6124,24.162
6125,24.162
6126,24.162
6127,24.162
6128,24.162
6129,24.162
6130,24.162
6131,24.172
6132,24.172
6133,24.17
6134,24.17
6135,24.17
6136,24.172
6137,24.172
6138,24.172
6139,24.172
6140,24.176
6141,24.176
6142,24.176
6143,24.176
6144,24.176
6145,24.176
6146,24.176
6147,24.176
6148,24.182
6149,24.182
6150,24.182
6151,24.188
6152,24.184
6153,24.184
6154,24.184
6155,24.184
6156,24.184
6157,24.184
6158,24.184
6159,24.184
6160,24.184
6161,24.184
6162,24.184
6163,24.184
6164,24.184
6165,24.192
6166,24.192
6167,24.192
6168,24.194
6169,24.194
6170,24.194
6171,24.194
6172,24.194
6173,24.192
6174,24.198
6175,24.198
6176,24.198
6177,24.198
6178,24.198
6179,24.198
6180,24.198
6181,24.198
6182,24.198
6183,24.198
6184,24.198
6185,24.198
6186,24.198
6187,24.198
6188,24.208
6189,24.208
6190,24.208
6191,24.208
6192,24.208
6193,24.208
6194,24.208
6195,24.208
6196,24.208
6197,24.21
6198,24.21
6199,24.21
6200,24.21
6201,24.21
6202,24.216
6203,24.208
6204,24.208
6205,24.208
6206,24.208
6207,24.208
6208,24.208
6209,24.208
6210,24.208
6211,24.208
6212,24.208
6213,24.208
6214,24.218
6215,24.226
6216,24.224
6217,24.224
6218,24.224
6219,24.224
6220,24.224
6221,24.224
6222,24.224
6223,24.224
6224,24.224
6225,24.228
6226,24.228
6227,24.228
6228,24.228
6229,24.228
6230,24.228
6231,24.228
6232,24.228
6233,24.228
6234,24.228
6235,24.224
6236,24.224
6237,24.224
6238,24.224
6239,24.224
6240,24.224
6241,24.224
6242,24.224
6243,24.224
6244,24.23
6245,24.232
6246,24.232
6247,24.232
6248,24.232
6249,24.232
6250,24.232
6251,24.232
6252,24.232
6253,24.232
6254,24.228
6255,24.232
6256,24.232
6257,24.23
6258,24.23
6259,24.234
6260,24.232
6261,24.238
6262,24.238
6263,24.238
6264,24.238
6265,24.238
6266,24.238
6267,24.238
6268,24.238
6269,24.238
6270,24.24
6271,24.24
6272,24.24
6273,24.24
6274,24.24
6275,24.244
6276,24.244
6277,24.242
6278,24.242
6279,24.242
6280,24.242
6281,24.25
6282,24.254
6283,24.254
6284,24.25
6285,24.25
6286,24.25
6287,24.25
6288,24.254
6289,24.254
6290,24.254
6291,24.254
6292,24.254
6293,24.254
6294,24.254
6295,24.254
6296,24.254
6297,24.26
6298,24.26
6299,24.26
6300,24.26
6301,24.26
6302,24.26
6303,24.26
6304,24.26
6305,24.26
6306,24.264
6307,24.264
6308,24.264
6309,24.264
6310,24.27
6311,24.278
6312,24.278
6313,24.278
6314,24.286
6315,24.286
6316,24.286
6317,24.286
6318,24.286
6319,24.286
6320,24.288
6321,24.288
6322,24.294
6323,24.294
6324,24.294
6325,24.294
6326,24.294
6327,24.294
6328,24.294
6329,24.294
6330,24.294
6331,24.288
6332,24.288
6333,24.288
6334,24.292
6335,24.294
6336,24.294
6337,24.294
6338,24.294
6339,24.294
6340,24.302
6341,24.304
6342,24.304
6343,24.304
6344,24.31
6345,24.31
6346,24.31
6347,24.31
6348,24.31
6349,24.31
6350,24.31
6351,24.31
6352,24.31
6353,24.31
6354,24.31
6355,24.31
6356,24.31
6357,24.31
6358,24.31
6359,24.31
6360,24.31
6361,24.312
6362,24.322
6363,24.322
6364,24.322
6365,24.326
6366,24.326
6367,24.326
6368,24.326
6369,24.326
6370,24.326
6371,24.324
6372,24.324
6373,24.324
6374,24.334
6375,24.334
6376,24.334
6377,24.334
6378,24.334
6379,24.334
6380,24.334
6381,24.33
6382,24.33
6383,24.33
6384,24.33
6385,24.33
6386,24.33
6387,24.33
6388,24.33
6389,24.33
6390,24.33
6391,24.33
6392,24.33
6393,24.33
6394,24.332
6395,24.332
6396,24.332
6397,24.332
6398,24.33
6399,24.33
6400,24.33
6401,24.328
6402,24.328
6403,24.328
6404,24.328
6405,24.33
6406,24.33
6407,24.33
6408,24.33
6409,24.33
6410,24.33
6411,24.33
6412,24.33
6413,24.33
6414,24.33
6415,24.33
6416,24.33
6417,24.334
6418,24.334
6419,24.334
6420,24.334
6421,24.34
6422,24.34
6423,24.34
6424,24.34
6425,24.338
6426,24.338
6427,24.338
6428,24.338
6429,24.338
6430,24.338
6431,24.338
6432,24.338
6433,24.338
6434,24.338
6435,24.338
6436,24.338
6437,24.344
6438,24.344
6439,24.344
6440,24.346
6441,24.346
6442,24.346
6443,24.346
6444,24.346
6445,24.346
6446,24.346
6447,24.346
6448,24.346
6449,24.346
6450,24.346
6451,24.346
6452,24.346
6453,24.346
6454,24.346
6455,24.346
6456,24.346
6457,24.346
6458,24.346
6459,24.346
6460,24.346
6461,24.346
6462,24.346
6463,24.346
6464,24.35
6465,24.354
6466,24.354
6467,24.356
6468,24.356
6469,24.36
6470,24.36
6471,24.36
6472,24.36
6473,24.36
6474,24.36
6475,24.356
6476,24.356
6477,24.356
6478,24.356
6479,24.362
6480,24.362
6481,24.362
6482,24.362
6483,24.362
6484,24.362
6485,24.362
6486,24.362
6487,24.362
6488,24.362
6489,24.362
6490,24.36
6491,24.364
6492,24.364
6493,24.366
6494,24.366
6495,24.366
6496,24.368
6497,24.368
6498,24.368
6499,24.368
6500,24.368
6501,24.368
6502,24.368
6503,24.368
6504,24.368
6505,24.368
6506,24.368
6507,24.368
6508,24.368
6509,24.368
6510,24.368
6511,24.368
6512,24.368
6513,24.368
6514,24.368
6515,24.368
6516,24.368
6517,24.368
6518,24.368
6519,24.37
6520,24.37
6521,24.37
6522,24.37
6523,24.37
6524,24.37
6525,24.37
6526,24.37
6527,24.37
6528,24.368
6529,24.368
6530,24.374
6531,24.374
6532,24.374
6533,24.374
6534,24.374
6535,24.374
6536,24.374
6537,24.374
6538,24.374
6539,24.374
6540,24.374
6541,24.374
6542,24.374
6543,24.374
6544,24.374
6545,24.382
6546,24.382
6547,24.386
6548,24.386
6549,24.384
6550,24.384
6551,24.384
6552,24.386
6553,24.388
6554,24.382
6555,24.382
6556,24.382
6557,24.382
6558,24.38
6559,24.38
6560,24.38
6561,24.388
6562,24.388
6563,24.388
6564,24.388
6565,24.388
6566,24.39
6567,24.39
6568,24.394
6569,24.4
6570,24.4
6571,24.4
6572,24.408
6573,24.408
6574,24.408
6575,24.408
6576,24.408
6577,24.408
6578,24.408
6579,24.408
6580,24.408
6581,24.408
6582,24.408
6583,24.406
6584,24.406
6585,24.406
6586,24.406
6587,24.41
6588,24.41
6589,24.41
6590,24.41
6591,24.41
6592,24.41
6593,24.408
6594,24.406
6595,24.398
6596,24.398
6597,24.398
6598,24.398
6599,24.398
6600,24.398
6601,24.394
6602,24.394
6603,24.394
6604,24.394
6605,24.394
6606,24.394
6607,24.394
6608,24.396
6609,24.396
6610,24.396
6611,24.394
6612,24.394
6613,24.394
6614,24.394
6615,24.4
6616,24.4
6617,24.396
6618,24.396
6619,24.396
6620,24.396
6621,24.408
6622,24.414
6623,24.414
6624,24.414
6625,24.414
6626,24.42
6627,24.42
6628,24.42
6629,24.42
6630,24.42
6631,24.42
6632,24.422
6633,24.422
6634,24.422
6635,24.422
6636,24.422
6637,24.422
6638,24.422
6639,24.422
6640,24.422
6641,24.426
6642,24.426
6643,24.426
6644,24.426
6645,24.426
6646,24.426
6647,24.426
6648,24.426
6649,24.426
6650,24.418
6651,24.424
6652,24.422
6653,24.422
6654,24.422
6655,24.422
6656,24.422
6657,24.422
6658,24.422
6659,24.422
6660,24.422
6661,24.422
6662,24.422
6663,24.422
6664,24.422
6665,24.422
6666,24.422
6667,24.424
6668,24.424
6669,24.424
6670,24.426
6671,24.426
6672,24.428
6673,24.428
6674,24.428
6675,24.428
6676,24.428
6677,24.428
6678,24.43
6679,24.43
6680,24.43
6681,24.43
6682,24.43
6683,24.43
6684,24.432
6685,24.432
6686,24.432
6687,24.432
6688,24.432
6689,24.432
6690,24.432
6691,24.432
6692,24.432
6693,24.432
6694,24.428
6695,24.428
6696,24.428
6697,24.428
6698,24.428
6699,24.428
6700,24.428
6701,24.428
6702,24.428
6703,24.434
6704,24.434
6705,24.44
6706,24.44
6707,24.44
6708,24.44
6709,24.442
6710,24.442
6711,24.442
6712,24.442
6713,24.442
6714,24.442
6715,24.442
6716,24.442
6717,24.442
6718,24.442
6719,24.442
6720,24.444
6721,24.444
6722,24.444
6723,24.444
6724,24.444
6725,24.444
6726,24.448
6727,24.448
6728,24.45
6729,24.458
6730,24.458
6731,24.458
6732,24.458
6733,24.458
6734,24.458
6735,24.458
6736,24.458
6737,24.458
6738,24.458
6739,24.458
6740,24.458
6741,24.468
6742,24.472
6743,24.472
6744,24.478
6745,24.478
6746,24.478
6747,24.478
6748,24.478
6749,24.484
6750,24.484
6751,24.484
6752,24.478
6753,24.478
6754,24.478
6755,24.478
6756,24.482
6757,24.482
6758,24.482
6759,24.484
6760,24.484
6761,24.48
6762,24.48
6763,24.48
6764,24.484
6765,24.484
6766,24.484
6767,24.484
6768,24.484
6769,24.494
6770,24.498
6771,24.498
6772,24.498
6773,24.506
6774,24.506
6775,24.512
6776,24.512
6777,24.512
6778,24.51
6779,24.51
6780,24.512
6781,24.512
6782,24.514
6783,24.514
6784,24.514
6785,24.514
6786,24.514
6787,24.514
6788,24.514
6789,24.514
6790,24.514
6791,24.514
6792,24.514
6793,24.514
6794,24.514
6795,24.514
6796,24.514
6797,24.514
6798,24.514
6799,24.514
6800,24.514
6801,24.514
6802,24.514
6803,24.514
6804,24.514
6805,24.514
6806,24.514
6807,24.514
6808,24.514
6809,24.51
6810,24.51
6811,24.502
6812,24.506
6813,24.516
6814,24.516
6815,24.516
6816,24.516
6817,24.516
6818,24.516
6819,24.516
6820,24.516
6821,24.522
6822,24.522
6823,24.522
6824,24.522
6825,24.522
6826,24.522
6827,24.526
6828,24.528
6829,24.53
6830,24.53
6831,24.534
6832,24.534
6833,24.534
6834,24.534
6835,24.534
6836,24.534
6837,24.534
6838,24.534
6839,24.526
6840,24.526
6841,24.526
6842,24.528
6843,24.528
6844,24.534
6845,24.536
6846,24.536
6847,24.536
6848,24.536
6849,24.536
6850,24.536
6851,24.536
6852,24.536
6853,24.536
6854,24.536
6855,24.536
6856,24.536
6857,24.536
6858,24.536
6859,24.536
6860,24.536
6861,24.536
6862,24.536
6863,24.532
6864,24.534
6865,24.534
6866,24.538
6867,24.538
6868,24.538
6869,24.542
6870,24.542
6871,24.542
6872,24.542
6873,24.542
6874,24.542
6875,24.542
6876,24.542
6877,24.542
6878,24.542
6879,24.542
6880,24.542
6881,24.542
6882,24.548
6883,24.548
6884,24.556
6885,24.556
6886,24.556
6887,24.558
6888,24.558
6889,24.564
6890,24.564
6891,24.564
6892,24.562
6893,24.562
6894,24.568
6895,24.568
6896,24.572
6897,24.574
6898,24.574
6899,24.574
6900,24.574
6901,24.574
6902,24.574
6903,24.574
6904,24.574
6905,24.574
6906,24.574
6907,24.574
6908,24.574
6909,24.574
6910,24.574
6911,24.574
6912,24.57
6913,24.57
6914,24.57
6915,24.57
6916,24.57
6917,24.574
6918,24.574
6919,24.574
6920,24.574
6921,24.574
6922,24.574
6923,24.574
6924,24.574
6925,24.574
6926,24.574
6927,24.574
6928,24.574
6929,24.574
6930,24.574
6931,24.574
6932,24.574
6933,24.574
6934,24.574
6935,24.574
6936,24.574
6937,24.574
6938,24.574
6939,24.572
6940,24.572
6941,24.572
6942,24.572
6943,24.574
6944,24.574
6945,24.572
6946,24.576
6947,24.576
6948,24.576
6949,24.576
6950,24.576
6951,24.576
6952,24.576
6953,24.576
6954,24.576
6955,24.576
6956,24.576
6957,24.584
6958,24.584
6959,24.584
6960,24.584
6961,24.592
6962,24.592
6963,24.592
6964,24.592
6965,24.592
6966,24.592
6967,24.592
6968,24.592
6969,24.592
6970,24.594
6971,24.594
6972,24.594
6973,24.594
6974,24.594
6975,24.594
6976,24.594
6977,24.594
6978,24.594
6979,24.59
6980,24.59
6981,24.59
6982,24.59
6983,24.59
6984,24.59
6985,24.592
6986,24.592
6987,24.592
6988,24.592
6989,24.592
6990,24.6
6991,24.6
6992,24.598
6993,24.598
6994,24.598
6995,24.598
6996,24.598
6997,24.598
6998,24.598
6999,24.598
7000,24.6
7001,24.6
7002,24.6
7003,24.6
7004,24.604
7005,24.604
7006,24.604
7007,24.604
7008,24.61
7009,24.61
7010,24.608
7011,24.608
7012,24.61
7013,24.61
7014,24.61
7015,24.61
7016,24.61
7017,24.61
7018,24.61
7019,24.614
7020,24.614
7021,24.614
7022,24.62
7023,24.62
7024,24.62
7025,24.62
7026,24.62
7027,24.62
7028,24.62
7029,24.624
7030,24.626
7031,24.626
7032,24.626
7033,24.626
7034,24.626
7035,24.626
7036,24.626
7037,24.626
7038,24.626
7039,24.626
7040,24.626
7041,24.626
7042,24.626
7043,24.626
7044,24.626
7045,24.626
7046,24.626
7047,24.626
7048,24.624
7049,24.624
7050,24.624
7051,24.628
7052,24.634
7053,24.634
7054,24.634
7055,24.634
7056,24.634
7057,24.634
7058,24.634
7059,24.634
7060,24.634
7061,24.634
7062,24.634
7063,24.634
7064,24.634
7065,24.634
7066,24.636
7067,24.636
7068,24.636
7069,24.636
7070,24.636
7071,24.636
7072,24.634
7073,24.634
7074,24.634
7075,24.634
7076,24.634
7077,24.634
7078,24.634
7079,24.634
7080,24.634
7081,24.634
7082,24.634
7083,24.634
7084,24.634
7085,24.634
7086,24.634
7087,24.634
7088,24.634
7089,24.636
7090,24.636
7091,24.636
7092,24.636
7093,24.636
7094,24.636
7095,24.638
7096,24.638
7097,24.638
7098,24.638
7099,24.638
7100,24.638
7101,24.638
7102,24.636
7103,24.636
7104,24.636
7105,24.636
7106,24.636
7107,24.636
7108,24.636
7109,24.636
7110,24.636
7111,24.636
7112,24.636
7113,24.636
7114,24.636
7115,24.636
7116,24.642
7117,24.644
7118,24.644
7119,24.644
7120,24.644
7121,24.644
7122,24.644
7123,24.644
7124,24.644
7125,24.644
7126,24.644
7127,24.644
7128,24.644
7129,24.644
7130,24.644
7131,24.644
7132,24.644
7133,24.644
7134,24.644
